path,exists,size_bytes,sha256,evidence_label,paper_use,notes
docs/paper/PAPER_STAGE5B_RESULT_AUDIT_AND_TABLES.md,true,8498,98a490f46f19506210b29f9a45e6490ee7bd888ce7cd0fc70e4a79cfaf8eb954,PROJECT_SUPPORTED,stage5b_audit_doc_required,required small paper doc
results/paper_stage2/rml2016a/stage5a_status.json,true,54521,cb6000025346f5d69dd6b500c75808f89d9f062bbbb3114380f92bb208817054,PROJECT_SUPPORTED,stage5a_run_index,required small index
data/splits/rml2016a/stratified_by_mod_snr_seed42.npz,true,676390,7967110e3490e5f6283673a7a3fc12aaa56df8f7addb8d9adf748b903675832b,PROJECT_SUPPORTED,fixed_split_artifact,hash-only or copy if paper package includes split
data/splits/rml2016a/stratified_by_mod_snr_seed42_summary.json,true,26170,d1f457beb63fc1f6f497d09ea6923f59db062dd704c7675c3dc0cef1fefe685e,PROJECT_SUPPORTED,fixed_split_summary,required small split summary
results/paper_stage2/rml2016a/aggregate/main_table_metrics.csv,true,4593,f5ce7b76d1d9ba2baaf66d09363de044bf7daba131c47f9da1bb9cde2b6b346c,PROJECT_SUPPORTED,paper_table_source,expected aggregate artifact
results/paper_stage2/rml2016a/aggregate/main_table_metrics.md,true,2736,72bb948623916e0dd56ac1613e939dbd841a5ffcad326f195795332cab55b39f,PROJECT_SUPPORTED,paper_table_source,expected aggregate artifact
results/paper_stage2/rml2016a/aggregate/low_snr_table.csv,true,4633,a9e55b0db023c0d61c9902c0f11460b1b57974f8595c82ac44f562364d6e5d07,PROJECT_SUPPORTED,paper_table_source,expected aggregate artifact
results/paper_stage2/rml2016a/aggregate/complexity_latency_table.csv,true,7668,505d7dc4b5e638376776814104af917cf7ebc97989cea120b29a67defcc027bf,CONTROLLED_LATENCY,paper_table_source,expected aggregate artifact
results/paper_stage2/rml2016a/aggregate/main_table_mean_std.csv,false,,,PROJECT_SUPPORTED,paper_table_source,expected aggregate artifact
results/paper_stage2/rml2016a/aggregate/per_snr_mean_std.csv,false,,,PROJECT_SUPPORTED,paper_table_source,expected aggregate artifact
results/paper_stage2/rml2016a/aggregate/significance_tests.json,false,,,PROJECT_SUPPORTED,paper_table_source,expected aggregate artifact
results/paper_stage2/rml2016a/cnn1d/seed_42/config_resolved.yaml,true,1005,21ed47bc82528b3f3dab1d8b6e1e6dab76cf91416fd4f2bf92715d71134feb55,PROJECT_SUPPORTED,run_reproducibility,Stage 5A artifact for cnn1d/seed_42; keep failed MCLDNN seeds
results/paper_stage2/rml2016a/cnn1d/seed_42/metrics_test.json,true,494,cd976da24016d04f7a0e21113cc9e74663a1301f43fa88e0134d78708fb5cb8e,PROJECT_SUPPORTED,main_metric_source,Stage 5A artifact for cnn1d/seed_42; keep failed MCLDNN seeds
results/paper_stage2/rml2016a/cnn1d/seed_42/metrics_per_snr.csv,true,2415,0b38ed822b38ddc2aa6fdfca303e29fb262127e61877a4cfeec8eaaf3cea11c3,PROJECT_SUPPORTED,per_snr_curve_table_source,Stage 5A artifact for cnn1d/seed_42; keep failed MCLDNN seeds
results/paper_stage2/rml2016a/cnn1d/seed_42/metrics_per_class.csv,true,858,438d7df926488f842f69ccf9103f725c9769bb575e10621cb26ab3735e13aa5b,PROJECT_SUPPORTED,appendix_per_class_source,Stage 5A artifact for cnn1d/seed_42; keep failed MCLDNN seeds
results/paper_stage2/rml2016a/cnn1d/seed_42/predictions_test.csv,true,23223928,9b3ba088e7725c8d45d73e1fde57d74d6dd4a95328fa71d8909c65118ae61fc5,PROJECT_SUPPORTED,paired_statistics_source_large_hash_or_archive,Stage 5A artifact for cnn1d/seed_42; large file; keep failed MCLDNN seeds
results/paper_stage2/rml2016a/cnn1d/seed_42/confusion_overall.csv,true,618,226c509fdf7ebdc36a4e638ef41456108fa9d58d5f05bc1a64014c2cf9b7dd22,PROJECT_SUPPORTED,appendix_confusion_source,Stage 5A artifact for cnn1d/seed_42; keep failed MCLDNN seeds
results/paper_stage2/rml2016a/cnn1d/seed_42/confusion_low_snr.csv,true,597,3c3e4c319e7da2976b21eed28f00e2ea9c91a66af98e7202080d439cdd244ded,PROJECT_SUPPORTED,low_snr_confusion_source,Stage 5A artifact for cnn1d/seed_42; keep failed MCLDNN seeds
results/paper_stage2/rml2016a/cnn1d/seed_42/complexity.json,true,551,2ff228a4e8e2b60bd2e67549503d48ed28dbc358bc5dcb6e52b0e1225e945c84,PROJECT_SUPPORTED,complexity_source,Stage 5A artifact for cnn1d/seed_42; keep failed MCLDNN seeds
results/paper_stage2/rml2016a/cnn1d/seed_42/latency.json,true,1435,59f6ed074d0af186993e21997f4303fda991ec2d828c159112690e26b25f3716,CONTROLLED_LATENCY,controlled_cuda_latency_source,Stage 5A artifact for cnn1d/seed_42; keep failed MCLDNN seeds
results/paper_stage2/rml2016a/cnn1d/seed_42/training_summary.json,true,345,85809eef75aed7c223cbacaafd62d785aebe78f99e7661ef55fddc40bcc38c24,PROJECT_SUPPORTED,training_audit_source,Stage 5A artifact for cnn1d/seed_42; keep failed MCLDNN seeds
results/paper_stage2/rml2016a/cnn1d/seed_2025/config_resolved.yaml,true,1007,27ade143b87bf1904940990c7c048a3896fc581b2ae7bc1f1881b7b4e858805e,PROJECT_SUPPORTED,run_reproducibility,Stage 5A artifact for cnn1d/seed_2025; keep failed MCLDNN seeds
results/paper_stage2/rml2016a/cnn1d/seed_2025/metrics_test.json,true,493,92f5543be0ff075d97a05f456375a7f5e83024152d7e8b40ed028e8f0d74fc0c,PROJECT_SUPPORTED,main_metric_source,Stage 5A artifact for cnn1d/seed_2025; keep failed MCLDNN seeds
results/paper_stage2/rml2016a/cnn1d/seed_2025/metrics_per_snr.csv,true,2465,d6697338258e46af761de69bb5dfe80227bb8052df57cd2fd35897bd97c96ab8,PROJECT_SUPPORTED,per_snr_curve_table_source,Stage 5A artifact for cnn1d/seed_2025; keep failed MCLDNN seeds
results/paper_stage2/rml2016a/cnn1d/seed_2025/metrics_per_class.csv,true,884,e4bf00ea2dd09c95221c366df211cbf42d4faf70bb86cece95049462dba2eab3,PROJECT_SUPPORTED,appendix_per_class_source,Stage 5A artifact for cnn1d/seed_2025; keep failed MCLDNN seeds
results/paper_stage2/rml2016a/cnn1d/seed_2025/predictions_test.csv,true,23304156,4565e5f446155999eb542ff1b95b5aaba880dbd597ff2f45216a2f79e35fd7b3,PROJECT_SUPPORTED,paired_statistics_source_large_hash_or_archive,Stage 5A artifact for cnn1d/seed_2025; large file; keep failed MCLDNN seeds
results/paper_stage2/rml2016a/cnn1d/seed_2025/confusion_overall.csv,true,608,034cd20d2453f4d8e6563e84f71ffd9c6c4515daa7189ea56f64434498ca7e80,PROJECT_SUPPORTED,appendix_confusion_source,Stage 5A artifact for cnn1d/seed_2025; keep failed MCLDNN seeds
results/paper_stage2/rml2016a/cnn1d/seed_2025/confusion_low_snr.csv,true,582,39568d154b6b494131b0ef3a4eb7800a24b949019010071536c452a614b9f502,PROJECT_SUPPORTED,low_snr_confusion_source,Stage 5A artifact for cnn1d/seed_2025; keep failed MCLDNN seeds
results/paper_stage2/rml2016a/cnn1d/seed_2025/complexity.json,true,551,2ff228a4e8e2b60bd2e67549503d48ed28dbc358bc5dcb6e52b0e1225e945c84,PROJECT_SUPPORTED,complexity_source,Stage 5A artifact for cnn1d/seed_2025; keep failed MCLDNN seeds
results/paper_stage2/rml2016a/cnn1d/seed_2025/latency.json,true,1435,dc0aba81b99fb727ffa3b3721c16a467bae479ee11e7d2c2f43ab10b0f428085,CONTROLLED_LATENCY,controlled_cuda_latency_source,Stage 5A artifact for cnn1d/seed_2025; keep failed MCLDNN seeds
results/paper_stage2/rml2016a/cnn1d/seed_2025/training_summary.json,true,346,d6845729474f6c77ea51d400ddcbf96563572a18687baf8fcb12aadeb72e88e1,PROJECT_SUPPORTED,training_audit_source,Stage 5A artifact for cnn1d/seed_2025; keep failed MCLDNN seeds
results/paper_stage2/rml2016a/cnn1d/seed_3407/config_resolved.yaml,true,1007,aa9cc96fdc9ee50b0d169a3f7ffa98e8b326ce34396c01fd3b31e2e00a5235a4,PROJECT_SUPPORTED,run_reproducibility,Stage 5A artifact for cnn1d/seed_3407; keep failed MCLDNN seeds
results/paper_stage2/rml2016a/cnn1d/seed_3407/metrics_test.json,true,496,30b24b31c94128fd0549062659c33568e85cd4c604ec5e4b14d819720eab0c99,PROJECT_SUPPORTED,main_metric_source,Stage 5A artifact for cnn1d/seed_3407; keep failed MCLDNN seeds
results/paper_stage2/rml2016a/cnn1d/seed_3407/metrics_per_snr.csv,true,2443,ac0c5867f795c6c7bce2a7d1ef99f64c84d0f3ffbfc5e55c7675b2c71853c715,PROJECT_SUPPORTED,per_snr_curve_table_source,Stage 5A artifact for cnn1d/seed_3407; keep failed MCLDNN seeds
results/paper_stage2/rml2016a/cnn1d/seed_3407/metrics_per_class.csv,true,879,f1eeb3e62a9100eb2a4eaeeb02feebd6d5d4bd080f84653ff31aa3d7e1f95a9c,PROJECT_SUPPORTED,appendix_per_class_source,Stage 5A artifact for cnn1d/seed_3407; keep failed MCLDNN seeds
results/paper_stage2/rml2016a/cnn1d/seed_3407/predictions_test.csv,true,23301995,1744ca9a19326c20825a6044ecd83004f8512371b08cad470b96301f221bd360,PROJECT_SUPPORTED,paired_statistics_source_large_hash_or_archive,Stage 5A artifact for cnn1d/seed_3407; large file; keep failed MCLDNN seeds
results/paper_stage2/rml2016a/cnn1d/seed_3407/confusion_overall.csv,true,618,a1e6b6cdadb361af7ef456bd02b374daece456de06097d6e35a66f499abe6717,PROJECT_SUPPORTED,appendix_confusion_source,Stage 5A artifact for cnn1d/seed_3407; keep failed MCLDNN seeds
results/paper_stage2/rml2016a/cnn1d/seed_3407/confusion_low_snr.csv,true,593,4c2ac6efcdeb3ce76787d39a6b2e8f0d800bb8c8bfb65fc5c731117abf1c974b,PROJECT_SUPPORTED,low_snr_confusion_source,Stage 5A artifact for cnn1d/seed_3407; keep failed MCLDNN seeds
results/paper_stage2/rml2016a/cnn1d/seed_3407/complexity.json,true,551,2ff228a4e8e2b60bd2e67549503d48ed28dbc358bc5dcb6e52b0e1225e945c84,PROJECT_SUPPORTED,complexity_source,Stage 5A artifact for cnn1d/seed_3407; keep failed MCLDNN seeds
results/paper_stage2/rml2016a/cnn1d/seed_3407/latency.json,true,1433,2049476a065c98663e7e7c678a30a1cbf9beedd791fe5e07705fe33779fae810,CONTROLLED_LATENCY,controlled_cuda_latency_source,Stage 5A artifact for cnn1d/seed_3407; keep failed MCLDNN seeds
results/paper_stage2/rml2016a/cnn1d/seed_3407/training_summary.json,true,346,679ae9036976689306708c54117f9594fb33cf142d7206b12026e4936936883c,PROJECT_SUPPORTED,training_audit_source,Stage 5A artifact for cnn1d/seed_3407; keep failed MCLDNN seeds
results/paper_stage2/rml2016a/resnet1d/seed_42/config_resolved.yaml,true,1011,a821315ca76696e8bafb1b5f855596643bbf382e402328287eb8296cb5ca0fec,PROJECT_SUPPORTED,run_reproducibility,Stage 5A artifact for resnet1d/seed_42; keep failed MCLDNN seeds
results/paper_stage2/rml2016a/resnet1d/seed_42/metrics_test.json,true,497,afaf53d75eeebeabe894c960f5c761599f70cc57f9258368e9ee8ef121360af0,PROJECT_SUPPORTED,main_metric_source,Stage 5A artifact for resnet1d/seed_42; keep failed MCLDNN seeds
results/paper_stage2/rml2016a/resnet1d/seed_42/metrics_per_snr.csv,true,2436,ead9bd2f6bc84a36c94cc77abef8f2ab73ecabd1fe4cbaa25699d8e50ad68698,PROJECT_SUPPORTED,per_snr_curve_table_source,Stage 5A artifact for resnet1d/seed_42; keep failed MCLDNN seeds
results/paper_stage2/rml2016a/resnet1d/seed_42/metrics_per_class.csv,true,889,c8fbf7e0963a5b94f0205fa51f854a525fc00d2b36a2e888c25541a3fc82afd1,PROJECT_SUPPORTED,appendix_per_class_source,Stage 5A artifact for resnet1d/seed_42; keep failed MCLDNN seeds
results/paper_stage2/rml2016a/resnet1d/seed_42/predictions_test.csv,true,23367303,2471351cf960e39275122ac98bd218d6a7561c211545642aedbb620d196cafe8,PROJECT_SUPPORTED,paired_statistics_source_large_hash_or_archive,Stage 5A artifact for resnet1d/seed_42; large file; keep failed MCLDNN seeds
results/paper_stage2/rml2016a/resnet1d/seed_42/confusion_overall.csv,true,610,d7edf8317f547569d47d19af91357fe5dea880201658744b146a9ad505dbaf25,PROJECT_SUPPORTED,appendix_confusion_source,Stage 5A artifact for resnet1d/seed_42; keep failed MCLDNN seeds
results/paper_stage2/rml2016a/resnet1d/seed_42/confusion_low_snr.csv,true,582,0a0b4db5d4a3853e0902b78f1c208269902198cde5bd95c32fb06bd8b6f92411,PROJECT_SUPPORTED,low_snr_confusion_source,Stage 5A artifact for resnet1d/seed_42; keep failed MCLDNN seeds
results/paper_stage2/rml2016a/resnet1d/seed_42/complexity.json,true,556,7f1a58e2239c47ab0b35933590a7250c9fe9843cf865401ddc2995ca60745f23,PROJECT_SUPPORTED,complexity_source,Stage 5A artifact for resnet1d/seed_42; keep failed MCLDNN seeds
results/paper_stage2/rml2016a/resnet1d/seed_42/latency.json,true,1427,2b8dac69c8d2f87b7ad82dc36b7c57e7b4242668a1bf9e58117c8a47571278bc,CONTROLLED_LATENCY,controlled_cuda_latency_source,Stage 5A artifact for resnet1d/seed_42; keep failed MCLDNN seeds
results/paper_stage2/rml2016a/resnet1d/seed_42/training_summary.json,true,347,67d90b478a37aeb957de912dfdbbf828b6880d66a92c22d5864ca47427dca74c,PROJECT_SUPPORTED,training_audit_source,Stage 5A artifact for resnet1d/seed_42; keep failed MCLDNN seeds
results/paper_stage2/rml2016a/resnet1d/seed_2025/config_resolved.yaml,true,1013,8ad773eb4e67be679e94a4f29b5e77fce6cac8b83d3b8655ec50942cfd3b585d,PROJECT_SUPPORTED,run_reproducibility,Stage 5A artifact for resnet1d/seed_2025; keep failed MCLDNN seeds
results/paper_stage2/rml2016a/resnet1d/seed_2025/metrics_test.json,true,496,f308f70f071c799f3853df8c6002f478fec7e4780cfdb84f3196209c5f6a4c9a,PROJECT_SUPPORTED,main_metric_source,Stage 5A artifact for resnet1d/seed_2025; keep failed MCLDNN seeds
results/paper_stage2/rml2016a/resnet1d/seed_2025/metrics_per_snr.csv,true,2502,d4e720697be17d3f62eddd836e01a9e442c83038a55f63283d7cc376fbf58fb9,PROJECT_SUPPORTED,per_snr_curve_table_source,Stage 5A artifact for resnet1d/seed_2025; keep failed MCLDNN seeds
results/paper_stage2/rml2016a/resnet1d/seed_2025/metrics_per_class.csv,true,913,aff0a4f22dae1e34178273dc090111de29fbc11502f5b0cce150a859a185ade7,PROJECT_SUPPORTED,appendix_per_class_source,Stage 5A artifact for resnet1d/seed_2025; keep failed MCLDNN seeds
results/paper_stage2/rml2016a/resnet1d/seed_2025/predictions_test.csv,true,23462315,abefe26fad43fff20932f3b66a45b60684ab7151390ade7960930d1c00d634de,PROJECT_SUPPORTED,paired_statistics_source_large_hash_or_archive,Stage 5A artifact for resnet1d/seed_2025; large file; keep failed MCLDNN seeds
results/paper_stage2/rml2016a/resnet1d/seed_2025/confusion_overall.csv,true,611,f40919be94c78413d6de82a79f023cd8220843fbc2e44b5d645737311835e589,PROJECT_SUPPORTED,appendix_confusion_source,Stage 5A artifact for resnet1d/seed_2025; keep failed MCLDNN seeds
results/paper_stage2/rml2016a/resnet1d/seed_2025/confusion_low_snr.csv,true,585,feabcafb8c217cf74008ef9a8902ae00d180807fa376289bbe506358c5058855,PROJECT_SUPPORTED,low_snr_confusion_source,Stage 5A artifact for resnet1d/seed_2025; keep failed MCLDNN seeds
results/paper_stage2/rml2016a/resnet1d/seed_2025/complexity.json,true,556,7f1a58e2239c47ab0b35933590a7250c9fe9843cf865401ddc2995ca60745f23,PROJECT_SUPPORTED,complexity_source,Stage 5A artifact for resnet1d/seed_2025; keep failed MCLDNN seeds
results/paper_stage2/rml2016a/resnet1d/seed_2025/latency.json,true,1421,5072cfb33e28c71a25bdbe64ee48726615b6aab033d23ee896986c6156f9e2b3,CONTROLLED_LATENCY,controlled_cuda_latency_source,Stage 5A artifact for resnet1d/seed_2025; keep failed MCLDNN seeds
results/paper_stage2/rml2016a/resnet1d/seed_2025/training_summary.json,true,349,c5dcdcceb84da0730b558f262ec28758ffabd9ad00e9e29317c013f9c8f607ac,PROJECT_SUPPORTED,training_audit_source,Stage 5A artifact for resnet1d/seed_2025; keep failed MCLDNN seeds
results/paper_stage2/rml2016a/resnet1d/seed_3407/config_resolved.yaml,true,1013,5af25e5ff6360c7c8b8727d414d35df66611f6d6f2dd88b58ca34795bfcedd23,PROJECT_SUPPORTED,run_reproducibility,Stage 5A artifact for resnet1d/seed_3407; keep failed MCLDNN seeds
results/paper_stage2/rml2016a/resnet1d/seed_3407/metrics_test.json,true,499,c77f4732513b316cacfb527329a1163725f7d1edca8faed50f2785fcc314fbdd,PROJECT_SUPPORTED,main_metric_source,Stage 5A artifact for resnet1d/seed_3407; keep failed MCLDNN seeds
results/paper_stage2/rml2016a/resnet1d/seed_3407/metrics_per_snr.csv,true,2531,442f0aafffa077bb8bed0d35e5462bb4c8c2bcf644fcb7820d0590368ae0e7c2,PROJECT_SUPPORTED,per_snr_curve_table_source,Stage 5A artifact for resnet1d/seed_3407; keep failed MCLDNN seeds
results/paper_stage2/rml2016a/resnet1d/seed_3407/metrics_per_class.csv,true,908,aead1f01a383af10f323e1ccd5e884139fc50cc09498410a24e7d82688be1bc4,PROJECT_SUPPORTED,appendix_per_class_source,Stage 5A artifact for resnet1d/seed_3407; keep failed MCLDNN seeds
results/paper_stage2/rml2016a/resnet1d/seed_3407/predictions_test.csv,true,23452492,31ff4c6d93622540da7d5a61a0210ab701c45319f9eb550ca3859b671136ed74,PROJECT_SUPPORTED,paired_statistics_source_large_hash_or_archive,Stage 5A artifact for resnet1d/seed_3407; large file; keep failed MCLDNN seeds
results/paper_stage2/rml2016a/resnet1d/seed_3407/confusion_overall.csv,true,615,8401630cbf390e237bdbaddd56ba8ff024e8e097a5a60c264167d68df36dcfa8,PROJECT_SUPPORTED,appendix_confusion_source,Stage 5A artifact for resnet1d/seed_3407; keep failed MCLDNN seeds
results/paper_stage2/rml2016a/resnet1d/seed_3407/confusion_low_snr.csv,true,595,3dfa44c8dde36ebed18f4ba78bd7c854b36da5eb8d0be04666f38dcf53bfa75a,PROJECT_SUPPORTED,low_snr_confusion_source,Stage 5A artifact for resnet1d/seed_3407; keep failed MCLDNN seeds
results/paper_stage2/rml2016a/resnet1d/seed_3407/complexity.json,true,556,7f1a58e2239c47ab0b35933590a7250c9fe9843cf865401ddc2995ca60745f23,PROJECT_SUPPORTED,complexity_source,Stage 5A artifact for resnet1d/seed_3407; keep failed MCLDNN seeds
results/paper_stage2/rml2016a/resnet1d/seed_3407/latency.json,true,1429,cfd4bf5ff3d3665690c258595e9c0f1c16fdbda0d1a5afbf6910424205b0f2c1,CONTROLLED_LATENCY,controlled_cuda_latency_source,Stage 5A artifact for resnet1d/seed_3407; keep failed MCLDNN seeds
results/paper_stage2/rml2016a/resnet1d/seed_3407/training_summary.json,true,350,0f8f3fee10e2b8709a5bd0c9f3d14edf4abbea6be0da51002239274cf2e05083,PROJECT_SUPPORTED,training_audit_source,Stage 5A artifact for resnet1d/seed_3407; keep failed MCLDNN seeds
results/paper_stage2/rml2016a/tfcnn_stft/seed_42/config_resolved.yaml,true,1017,05d67147af75e1ef9b1b93c019e8a78e23ed8e66afb50dc18cbe680b05558847,PROJECT_SUPPORTED,run_reproducibility,Stage 5A artifact for tfcnn_stft/seed_42; keep failed MCLDNN seeds
results/paper_stage2/rml2016a/tfcnn_stft/seed_42/metrics_test.json,true,499,8dd7111516bec687897b5ecc90a2aeec4b9db78cfabb728afd1bff9ceababafa,PROJECT_SUPPORTED,main_metric_source,Stage 5A artifact for tfcnn_stft/seed_42; keep failed MCLDNN seeds
results/paper_stage2/rml2016a/tfcnn_stft/seed_42/metrics_per_snr.csv,true,2482,688aba81c0e358ec2dda97e1d40173ea4d00b62f58cf5afdcaab87c00c60686c,PROJECT_SUPPORTED,per_snr_curve_table_source,Stage 5A artifact for tfcnn_stft/seed_42; keep failed MCLDNN seeds
results/paper_stage2/rml2016a/tfcnn_stft/seed_42/metrics_per_class.csv,true,911,3553842bcc92bd53d5447a10f49b27852d952cf1ae164d2a789fd5ecd786320d,PROJECT_SUPPORTED,appendix_per_class_source,Stage 5A artifact for tfcnn_stft/seed_42; keep failed MCLDNN seeds
results/paper_stage2/rml2016a/tfcnn_stft/seed_42/predictions_test.csv,true,23442060,bce9240d6fa6a563451479153b3b97b90796dfe6c602d8cf2e7287eba7515143,PROJECT_SUPPORTED,paired_statistics_source_large_hash_or_archive,Stage 5A artifact for tfcnn_stft/seed_42; large file; keep failed MCLDNN seeds
results/paper_stage2/rml2016a/tfcnn_stft/seed_42/confusion_overall.csv,true,616,051722baf6a8beb5bd49bcd1c0edd0b5e9930065509137304222fa4e6290bfef,PROJECT_SUPPORTED,appendix_confusion_source,Stage 5A artifact for tfcnn_stft/seed_42; keep failed MCLDNN seeds
results/paper_stage2/rml2016a/tfcnn_stft/seed_42/confusion_low_snr.csv,true,578,0677560570c38b031932a87168fbbc42c95cc04a473cdbf786ed24e3869ccee4,PROJECT_SUPPORTED,low_snr_confusion_source,Stage 5A artifact for tfcnn_stft/seed_42; keep failed MCLDNN seeds
results/paper_stage2/rml2016a/tfcnn_stft/seed_42/complexity.json,true,565,9e18d00e2863c328a7ddcb80d72d86fe792ad3eedae7b5c4140508a320f00fee,PROJECT_SUPPORTED,complexity_source,Stage 5A artifact for tfcnn_stft/seed_42; keep failed MCLDNN seeds
results/paper_stage2/rml2016a/tfcnn_stft/seed_42/latency.json,true,1437,6c0eeeed2aa4e54701a0a88a272c999e35e8c9786bd9b95208eb0afeea79da3e,CONTROLLED_LATENCY,controlled_cuda_latency_source,Stage 5A artifact for tfcnn_stft/seed_42; keep failed MCLDNN seeds
results/paper_stage2/rml2016a/tfcnn_stft/seed_42/training_summary.json,true,350,5a3890415b279da11139f1b26a417d0b7d835fce01fd2f42349db175dd655b35,PROJECT_SUPPORTED,training_audit_source,Stage 5A artifact for tfcnn_stft/seed_42; keep failed MCLDNN seeds
results/paper_stage2/rml2016a/tfcnn_stft/seed_2025/config_resolved.yaml,true,1019,6ceab0b8a083e08db9dbc0e7c2aeb173fbc4b39b35e99e9c21ef6f6e2fa57fb5,PROJECT_SUPPORTED,run_reproducibility,Stage 5A artifact for tfcnn_stft/seed_2025; keep failed MCLDNN seeds
results/paper_stage2/rml2016a/tfcnn_stft/seed_2025/metrics_test.json,true,499,65a26087f3830e33f99df0846dc750900f26851e3d1eaa2932984eae531a0989,PROJECT_SUPPORTED,main_metric_source,Stage 5A artifact for tfcnn_stft/seed_2025; keep failed MCLDNN seeds
results/paper_stage2/rml2016a/tfcnn_stft/seed_2025/metrics_per_snr.csv,true,2531,35f3b101ec255558db40990255e1bcad224725db49a810844ddf67a158c1f832,PROJECT_SUPPORTED,per_snr_curve_table_source,Stage 5A artifact for tfcnn_stft/seed_2025; keep failed MCLDNN seeds
results/paper_stage2/rml2016a/tfcnn_stft/seed_2025/metrics_per_class.csv,true,934,9ca43f1b7ad1db1ef3c65f67ab75346203aaff8ef58d04b7e212d1802b5dfffe,PROJECT_SUPPORTED,appendix_per_class_source,Stage 5A artifact for tfcnn_stft/seed_2025; keep failed MCLDNN seeds
results/paper_stage2/rml2016a/tfcnn_stft/seed_2025/predictions_test.csv,true,23536683,6d18fd57b38643f8311fe235e0dabfe1c3e2d77a12cdb9bbac5232f8c799fc39,PROJECT_SUPPORTED,paired_statistics_source_large_hash_or_archive,Stage 5A artifact for tfcnn_stft/seed_2025; large file; keep failed MCLDNN seeds
results/paper_stage2/rml2016a/tfcnn_stft/seed_2025/confusion_overall.csv,true,606,f1c81d197c9fcea8286878a84e0f364cd259df293e52456440b320eb2d5ab1cf,PROJECT_SUPPORTED,appendix_confusion_source,Stage 5A artifact for tfcnn_stft/seed_2025; keep failed MCLDNN seeds
results/paper_stage2/rml2016a/tfcnn_stft/seed_2025/confusion_low_snr.csv,true,572,7a5e5e7ead6ea9855fab114dababa5d8d44c70e6373ef21ee3e5f225f47e349d,PROJECT_SUPPORTED,low_snr_confusion_source,Stage 5A artifact for tfcnn_stft/seed_2025; keep failed MCLDNN seeds
results/paper_stage2/rml2016a/tfcnn_stft/seed_2025/complexity.json,true,565,9e18d00e2863c328a7ddcb80d72d86fe792ad3eedae7b5c4140508a320f00fee,PROJECT_SUPPORTED,complexity_source,Stage 5A artifact for tfcnn_stft/seed_2025; keep failed MCLDNN seeds
results/paper_stage2/rml2016a/tfcnn_stft/seed_2025/latency.json,true,1439,dc68f83afb7b40434ad491ac31b97cce0107aba3ff22a5dd2f514963f9a9d63d,CONTROLLED_LATENCY,controlled_cuda_latency_source,Stage 5A artifact for tfcnn_stft/seed_2025; keep failed MCLDNN seeds
results/paper_stage2/rml2016a/tfcnn_stft/seed_2025/training_summary.json,true,352,6eaf6d1a30853811310b260baa0d1d3be10f9270cee2b21813cd54674d2b201c,PROJECT_SUPPORTED,training_audit_source,Stage 5A artifact for tfcnn_stft/seed_2025; keep failed MCLDNN seeds
results/paper_stage2/rml2016a/tfcnn_stft/seed_3407/config_resolved.yaml,true,1019,b9e1021fd304b5d3f0a958bc93a202ba964e528597fb1df0dcc151b02af61efa,PROJECT_SUPPORTED,run_reproducibility,Stage 5A artifact for tfcnn_stft/seed_3407; keep failed MCLDNN seeds
results/paper_stage2/rml2016a/tfcnn_stft/seed_3407/metrics_test.json,true,500,d6f6133a39d70493d351df905fb8bdbbe1d39e663c1414cdde436344fc852de9,PROJECT_SUPPORTED,main_metric_source,Stage 5A artifact for tfcnn_stft/seed_3407; keep failed MCLDNN seeds
results/paper_stage2/rml2016a/tfcnn_stft/seed_3407/metrics_per_snr.csv,true,2543,36cc8f80f531ca0d4464b8e820f1d17fc694d2501e4eec3078220ab9ecd26c28,PROJECT_SUPPORTED,per_snr_curve_table_source,Stage 5A artifact for tfcnn_stft/seed_3407; keep failed MCLDNN seeds
results/paper_stage2/rml2016a/tfcnn_stft/seed_3407/metrics_per_class.csv,true,939,afd2628adb98ea25205dbe6aa9a5b4f7b1fd9acdf21fc884cb045246351f8272,PROJECT_SUPPORTED,appendix_per_class_source,Stage 5A artifact for tfcnn_stft/seed_3407; keep failed MCLDNN seeds
results/paper_stage2/rml2016a/tfcnn_stft/seed_3407/predictions_test.csv,true,23543147,f40227a157ac090a31363f83f5245bc613ba6d0aef0ec2027bf0271b9eb8ff0f,PROJECT_SUPPORTED,paired_statistics_source_large_hash_or_archive,Stage 5A artifact for tfcnn_stft/seed_3407; large file; keep failed MCLDNN seeds
results/paper_stage2/rml2016a/tfcnn_stft/seed_3407/confusion_overall.csv,true,606,ad0681520b1e85ee52cf35c8654ae9800977eca05d678a336a0a9c60ae4c3657,PROJECT_SUPPORTED,appendix_confusion_source,Stage 5A artifact for tfcnn_stft/seed_3407; keep failed MCLDNN seeds
results/paper_stage2/rml2016a/tfcnn_stft/seed_3407/confusion_low_snr.csv,true,570,cb66f85efe19db1716925f8340d683ee126b866df0e66ce07f6ec6c25cb56beb,PROJECT_SUPPORTED,low_snr_confusion_source,Stage 5A artifact for tfcnn_stft/seed_3407; keep failed MCLDNN seeds
results/paper_stage2/rml2016a/tfcnn_stft/seed_3407/complexity.json,true,565,9e18d00e2863c328a7ddcb80d72d86fe792ad3eedae7b5c4140508a320f00fee,PROJECT_SUPPORTED,complexity_source,Stage 5A artifact for tfcnn_stft/seed_3407; keep failed MCLDNN seeds
results/paper_stage2/rml2016a/tfcnn_stft/seed_3407/latency.json,true,1439,59cee8a5f70a53f451b2d0a6a28b33ad497ea4e1ba0f16adbe140f51b9b66c6c,CONTROLLED_LATENCY,controlled_cuda_latency_source,Stage 5A artifact for tfcnn_stft/seed_3407; keep failed MCLDNN seeds
results/paper_stage2/rml2016a/tfcnn_stft/seed_3407/training_summary.json,true,350,099cf8b65d19aa6ce3c1667cdceabe0372e4c048ceaf4542932f5534b42dc3c8,PROJECT_SUPPORTED,training_audit_source,Stage 5A artifact for tfcnn_stft/seed_3407; keep failed MCLDNN seeds
results/paper_stage2/rml2016a/fusion_iq_stft/seed_42/config_resolved.yaml,true,1032,6b937c940314616ac2b8c07a2de937b0dc0c09271753c45e2eead347d9345a77,PROJECT_SUPPORTED,run_reproducibility,Stage 5A artifact for fusion_iq_stft/seed_42; keep failed MCLDNN seeds
results/paper_stage2/rml2016a/fusion_iq_stft/seed_42/metrics_test.json,true,503,9f24f6dc78f3b7d9b11aa701ad6a75f32ee26970c4717283b812318ee4284558,PROJECT_SUPPORTED,main_metric_source,Stage 5A artifact for fusion_iq_stft/seed_42; keep failed MCLDNN seeds
results/paper_stage2/rml2016a/fusion_iq_stft/seed_42/metrics_per_snr.csv,true,2504,0fb98cc3a6524f5010a3ddee8d104b83256cae4e015301fa3b93c08e66a63f75,PROJECT_SUPPORTED,per_snr_curve_table_source,Stage 5A artifact for fusion_iq_stft/seed_42; keep failed MCLDNN seeds
results/paper_stage2/rml2016a/fusion_iq_stft/seed_42/metrics_per_class.csv,true,961,06e8dec2de82cf471b69bd9e3f6ad685900a5f8c10e7695056b08a64cc4aca3b,PROJECT_SUPPORTED,appendix_per_class_source,Stage 5A artifact for fusion_iq_stft/seed_42; keep failed MCLDNN seeds
results/paper_stage2/rml2016a/fusion_iq_stft/seed_42/predictions_test.csv,true,23685689,bbfe483cb86f64a0db7eef9e04be0769b65c48f17238725d9ac37d073039e0e0,PROJECT_SUPPORTED,paired_statistics_source_large_hash_or_archive,Stage 5A artifact for fusion_iq_stft/seed_42; large file; keep failed MCLDNN seeds
results/paper_stage2/rml2016a/fusion_iq_stft/seed_42/confusion_overall.csv,true,608,81e6915bdc4c89595d4c7ab184bf84073775cf140466bf6e237cb3efe07a0f28,PROJECT_SUPPORTED,appendix_confusion_source,Stage 5A artifact for fusion_iq_stft/seed_42; keep failed MCLDNN seeds
results/paper_stage2/rml2016a/fusion_iq_stft/seed_42/confusion_low_snr.csv,true,583,0155e17ec26721a20b56bc24aff9e23749d3f765c81786de4565486aebb2bf57,PROJECT_SUPPORTED,low_snr_confusion_source,Stage 5A artifact for fusion_iq_stft/seed_42; keep failed MCLDNN seeds
results/paper_stage2/rml2016a/fusion_iq_stft/seed_42/complexity.json,true,618,dfe0eb2a844b0d1062f21cd154e82c695635988a6da9a4edb49975d61457b7a9,PROJECT_SUPPORTED,complexity_source,Stage 5A artifact for fusion_iq_stft/seed_42; keep failed MCLDNN seeds
results/paper_stage2/rml2016a/fusion_iq_stft/seed_42/latency.json,true,1437,c92e56151dd376dcc7cd8a40a6d879208275b9a7bc547b9e42ecea0a06b66746,CONTROLLED_LATENCY,controlled_cuda_latency_source,Stage 5A artifact for fusion_iq_stft/seed_42; keep failed MCLDNN seeds
results/paper_stage2/rml2016a/fusion_iq_stft/seed_42/training_summary.json,true,354,604551a7577696c98d4c5d02d32d301738993b4a67e58c2743859f744adfe63c,PROJECT_SUPPORTED,training_audit_source,Stage 5A artifact for fusion_iq_stft/seed_42; keep failed MCLDNN seeds
results/paper_stage2/rml2016a/fusion_iq_stft/seed_2025/config_resolved.yaml,true,1034,efed0856f9b5f4ee443c7c66f898af8136bc11379af829cc12a2aad96d08529a,PROJECT_SUPPORTED,run_reproducibility,Stage 5A artifact for fusion_iq_stft/seed_2025; keep failed MCLDNN seeds
results/paper_stage2/rml2016a/fusion_iq_stft/seed_2025/metrics_test.json,true,503,bba1c410b785976058aa4a3b8ea6a5b7acfc676fa13aa4f812ac2ab0bb01c9b5,PROJECT_SUPPORTED,main_metric_source,Stage 5A artifact for fusion_iq_stft/seed_2025; keep failed MCLDNN seeds
results/paper_stage2/rml2016a/fusion_iq_stft/seed_2025/metrics_per_snr.csv,true,2653,3d76a79f549658fb69527610f4997df69beb7abbd0832002252330f7701ba368,PROJECT_SUPPORTED,per_snr_curve_table_source,Stage 5A artifact for fusion_iq_stft/seed_2025; keep failed MCLDNN seeds
results/paper_stage2/rml2016a/fusion_iq_stft/seed_2025/metrics_per_class.csv,true,981,656f50a99be9abb40d2d79cad677becb035a6bae31bf1a8ffad5675a12c89e60,PROJECT_SUPPORTED,appendix_per_class_source,Stage 5A artifact for fusion_iq_stft/seed_2025; keep failed MCLDNN seeds
results/paper_stage2/rml2016a/fusion_iq_stft/seed_2025/predictions_test.csv,true,23756411,b4d84991f2eae204684613358be03de0e3c211fdd8e4c973da9ef551ffbc0a1a,PROJECT_SUPPORTED,paired_statistics_source_large_hash_or_archive,Stage 5A artifact for fusion_iq_stft/seed_2025; large file; keep failed MCLDNN seeds
results/paper_stage2/rml2016a/fusion_iq_stft/seed_2025/confusion_overall.csv,true,597,0fa37b780fea27d472f01de5260ec67da95a2d8492ec6495c447a3a7cecf0494,PROJECT_SUPPORTED,appendix_confusion_source,Stage 5A artifact for fusion_iq_stft/seed_2025; keep failed MCLDNN seeds
results/paper_stage2/rml2016a/fusion_iq_stft/seed_2025/confusion_low_snr.csv,true,573,91545fc98d1a97e9eaf75807d2d7cedaf583dbc662bde159424a078e52700a1d,PROJECT_SUPPORTED,low_snr_confusion_source,Stage 5A artifact for fusion_iq_stft/seed_2025; keep failed MCLDNN seeds
results/paper_stage2/rml2016a/fusion_iq_stft/seed_2025/complexity.json,true,618,dfe0eb2a844b0d1062f21cd154e82c695635988a6da9a4edb49975d61457b7a9,PROJECT_SUPPORTED,complexity_source,Stage 5A artifact for fusion_iq_stft/seed_2025; keep failed MCLDNN seeds
results/paper_stage2/rml2016a/fusion_iq_stft/seed_2025/latency.json,true,1435,be2029931c173efff665eda5591dab49603fc2ed471aed300bebfed5a988af6e,CONTROLLED_LATENCY,controlled_cuda_latency_source,Stage 5A artifact for fusion_iq_stft/seed_2025; keep failed MCLDNN seeds
results/paper_stage2/rml2016a/fusion_iq_stft/seed_2025/training_summary.json,true,354,6525f98dc6db63c77eb6b2baa6bdc04d4e5972ab2ef2bc93020e34c9e3c02496,PROJECT_SUPPORTED,training_audit_source,Stage 5A artifact for fusion_iq_stft/seed_2025; keep failed MCLDNN seeds
results/paper_stage2/rml2016a/fusion_iq_stft/seed_3407/config_resolved.yaml,true,1034,8d8df1316b8d83e268700743c60b54dadefc077c00b705facfe3c3cee476a6bd,PROJECT_SUPPORTED,run_reproducibility,Stage 5A artifact for fusion_iq_stft/seed_3407; keep failed MCLDNN seeds
results/paper_stage2/rml2016a/fusion_iq_stft/seed_3407/metrics_test.json,true,504,b41bdc0f7c2be1e8fdd9b0c0e6fda5d5904ed29b05700736db8413b8a2e92710,PROJECT_SUPPORTED,main_metric_source,Stage 5A artifact for fusion_iq_stft/seed_3407; keep failed MCLDNN seeds
results/paper_stage2/rml2016a/fusion_iq_stft/seed_3407/metrics_per_snr.csv,true,2615,345e69b3c20447988604bcd3c804d37f10acc5b4b3328512f279ea93099bf3d0,PROJECT_SUPPORTED,per_snr_curve_table_source,Stage 5A artifact for fusion_iq_stft/seed_3407; keep failed MCLDNN seeds
results/paper_stage2/rml2016a/fusion_iq_stft/seed_3407/metrics_per_class.csv,true,977,ef982036e913605c17f630449e034bd3072902e90d9edd529a8a9efe2a762171,PROJECT_SUPPORTED,appendix_per_class_source,Stage 5A artifact for fusion_iq_stft/seed_3407; keep failed MCLDNN seeds
results/paper_stage2/rml2016a/fusion_iq_stft/seed_3407/predictions_test.csv,true,23764864,61bbbef558b1f0a089645e513de3b0ae53c15fc5424cce54b8f969eea082f66a,PROJECT_SUPPORTED,paired_statistics_source_large_hash_or_archive,Stage 5A artifact for fusion_iq_stft/seed_3407; large file; keep failed MCLDNN seeds
results/paper_stage2/rml2016a/fusion_iq_stft/seed_3407/confusion_overall.csv,true,610,21010396a609c5111f194d57cc99241e1fa1e2058a288f343d99252b1cb07d07,PROJECT_SUPPORTED,appendix_confusion_source,Stage 5A artifact for fusion_iq_stft/seed_3407; keep failed MCLDNN seeds
results/paper_stage2/rml2016a/fusion_iq_stft/seed_3407/confusion_low_snr.csv,true,588,eba42d7a864dd774bdb276aa341b0c12e834610b84bac9b9039b6e1ef8e3d0b9,PROJECT_SUPPORTED,low_snr_confusion_source,Stage 5A artifact for fusion_iq_stft/seed_3407; keep failed MCLDNN seeds
results/paper_stage2/rml2016a/fusion_iq_stft/seed_3407/complexity.json,true,618,dfe0eb2a844b0d1062f21cd154e82c695635988a6da9a4edb49975d61457b7a9,PROJECT_SUPPORTED,complexity_source,Stage 5A artifact for fusion_iq_stft/seed_3407; keep failed MCLDNN seeds
results/paper_stage2/rml2016a/fusion_iq_stft/seed_3407/latency.json,true,1443,e574e35280c817d3e3e83f8f6b1e016c2e44c7ae54e8d3ede1192cc2d6f5e31f,CONTROLLED_LATENCY,controlled_cuda_latency_source,Stage 5A artifact for fusion_iq_stft/seed_3407; keep failed MCLDNN seeds
results/paper_stage2/rml2016a/fusion_iq_stft/seed_3407/training_summary.json,true,354,f57e0f3272d78089282517c1a6c9fc07b91b350d7f581f27165be70ab1a4e46b,PROJECT_SUPPORTED,training_audit_source,Stage 5A artifact for fusion_iq_stft/seed_3407; keep failed MCLDNN seeds
results/paper_stage2/rml2016a/cldnn/seed_42/config_resolved.yaml,true,1005,ea738905045c2a75cd2002cfafce0bf1c549fe3bda16ab1d6f03547d77f82f69,PROJECT_SUPPORTED,run_reproducibility,Stage 5A artifact for cldnn/seed_42; keep failed MCLDNN seeds
results/paper_stage2/rml2016a/cldnn/seed_42/metrics_test.json,true,466,ec250ef0253fe4c4c905be06c5eaf7d5cd69cb1ae1ffb8ecc72d22db61ea562f,PROJECT_SUPPORTED,main_metric_source,Stage 5A artifact for cldnn/seed_42; keep failed MCLDNN seeds
results/paper_stage2/rml2016a/cldnn/seed_42/metrics_per_snr.csv,true,2384,cfb373fe06d6a48b3af6370bac25182765da49d47691b4ea8e44133a11ba3f5f,PROJECT_SUPPORTED,per_snr_curve_table_source,Stage 5A artifact for cldnn/seed_42; keep failed MCLDNN seeds
results/paper_stage2/rml2016a/cldnn/seed_42/metrics_per_class.csv,true,863,268e0bb26f2473128af84b2963735656edd26389864aabeb79aec551be08b189,PROJECT_SUPPORTED,appendix_per_class_source,Stage 5A artifact for cldnn/seed_42; keep failed MCLDNN seeds
results/paper_stage2/rml2016a/cldnn/seed_42/predictions_test.csv,true,23324847,e79395f8e00f4202d97428e7267f7389b33decf674e17701f662f2a10b76af55,PROJECT_SUPPORTED,paired_statistics_source_large_hash_or_archive,Stage 5A artifact for cldnn/seed_42; large file; keep failed MCLDNN seeds
results/paper_stage2/rml2016a/cldnn/seed_42/confusion_overall.csv,true,594,004f5175c7f1319988df4ed4f11c2aa4929226bf93442d99fc3e57ebb649eea5,PROJECT_SUPPORTED,appendix_confusion_source,Stage 5A artifact for cldnn/seed_42; keep failed MCLDNN seeds
results/paper_stage2/rml2016a/cldnn/seed_42/confusion_low_snr.csv,true,568,259bc5560e5696c5a5023387ab9786e05376a2e80a9f54e0f877cc2fd41030a0,PROJECT_SUPPORTED,low_snr_confusion_source,Stage 5A artifact for cldnn/seed_42; keep failed MCLDNN seeds
results/paper_stage2/rml2016a/cldnn/seed_42/complexity.json,true,553,3ad32135cd69e97699ea8b5431a7100b5edcd83f3c7422bee30599f1087b34fe,PROJECT_SUPPORTED,complexity_source,Stage 5A artifact for cldnn/seed_42; keep failed MCLDNN seeds
results/paper_stage2/rml2016a/cldnn/seed_42/latency.json,true,1429,a320f62888b2a0150851460e824f5cfbb7cbd0fd775bf654504c834e85e4d09d,CONTROLLED_LATENCY,controlled_cuda_latency_source,Stage 5A artifact for cldnn/seed_42; keep failed MCLDNN seeds
results/paper_stage2/rml2016a/cldnn/seed_42/training_summary.json,true,345,9ecf0589b192bb5e4d0334d4a282193b4ed35dcf1d84bfac28dfe816a8410602,PROJECT_SUPPORTED,training_audit_source,Stage 5A artifact for cldnn/seed_42; keep failed MCLDNN seeds
results/paper_stage2/rml2016a/cldnn/seed_2025/config_resolved.yaml,true,1007,48ac909a1415ec1ef6906b463f74a9d9c493da109a51bfa39ac0d3c95b2e8f5f,PROJECT_SUPPORTED,run_reproducibility,Stage 5A artifact for cldnn/seed_2025; keep failed MCLDNN seeds
results/paper_stage2/rml2016a/cldnn/seed_2025/metrics_test.json,true,496,db745d2af777c0ab2002dd8578908b3d80bcb189e1a3c394cb0dba0418acd7d1,PROJECT_SUPPORTED,main_metric_source,Stage 5A artifact for cldnn/seed_2025; keep failed MCLDNN seeds
results/paper_stage2/rml2016a/cldnn/seed_2025/metrics_per_snr.csv,true,2467,14bfc153fee61343239e8b5590c54102225ad7249c0a7e80c7f57388880df44f,PROJECT_SUPPORTED,per_snr_curve_table_source,Stage 5A artifact for cldnn/seed_2025; keep failed MCLDNN seeds
results/paper_stage2/rml2016a/cldnn/seed_2025/metrics_per_class.csv,true,877,c04d38d41f429df938f1d1df37eab2198d33c06fd444729d7ad72d1fcd47d323,PROJECT_SUPPORTED,appendix_per_class_source,Stage 5A artifact for cldnn/seed_2025; keep failed MCLDNN seeds
results/paper_stage2/rml2016a/cldnn/seed_2025/predictions_test.csv,true,23385024,46ebdd276a8c4c2d647214405918850d2b60618dec368035e365bd06fbda7151,PROJECT_SUPPORTED,paired_statistics_source_large_hash_or_archive,Stage 5A artifact for cldnn/seed_2025; large file; keep failed MCLDNN seeds
results/paper_stage2/rml2016a/cldnn/seed_2025/confusion_overall.csv,true,600,9f8f5cc1883654db50b7c3894dd25e06f5bbbef6b323500d7ecf69e9d2b04b3b,PROJECT_SUPPORTED,appendix_confusion_source,Stage 5A artifact for cldnn/seed_2025; keep failed MCLDNN seeds
results/paper_stage2/rml2016a/cldnn/seed_2025/confusion_low_snr.csv,true,575,079a241e6df1fb612af4f2c73b2a3e3d95b5c732816dd3c968803ae4def19e3f,PROJECT_SUPPORTED,low_snr_confusion_source,Stage 5A artifact for cldnn/seed_2025; keep failed MCLDNN seeds
results/paper_stage2/rml2016a/cldnn/seed_2025/complexity.json,true,553,3ad32135cd69e97699ea8b5431a7100b5edcd83f3c7422bee30599f1087b34fe,PROJECT_SUPPORTED,complexity_source,Stage 5A artifact for cldnn/seed_2025; keep failed MCLDNN seeds
results/paper_stage2/rml2016a/cldnn/seed_2025/latency.json,true,1431,7a5a3faf418cc26aab8258b2e6a05ea315bd1b8a5842321f41acf0fd1d6773b0,CONTROLLED_LATENCY,controlled_cuda_latency_source,Stage 5A artifact for cldnn/seed_2025; keep failed MCLDNN seeds
results/paper_stage2/rml2016a/cldnn/seed_2025/training_summary.json,true,347,c03424da6aa95c91d464cc6a39587a4e599209b3f1c450fcffa9ac95a06208d6,PROJECT_SUPPORTED,training_audit_source,Stage 5A artifact for cldnn/seed_2025; keep failed MCLDNN seeds
results/paper_stage2/rml2016a/cldnn/seed_3407/config_resolved.yaml,true,1007,41a526dbb7b82ae6ba25764c8488f707f02075cdf4a5b0559bf031d40d9b1145,PROJECT_SUPPORTED,run_reproducibility,Stage 5A artifact for cldnn/seed_3407; keep failed MCLDNN seeds
results/paper_stage2/rml2016a/cldnn/seed_3407/metrics_test.json,true,474,263f98965ed5898a2f919f8fd112b3fb077bb31239b0918ca21afafc9dfa2591,PROJECT_SUPPORTED,main_metric_source,Stage 5A artifact for cldnn/seed_3407; keep failed MCLDNN seeds
results/paper_stage2/rml2016a/cldnn/seed_3407/metrics_per_snr.csv,true,2444,1c8c11e66d1af8c34eee665560e6e1cc9ea553211976bd6a77b6a4cbbb676f7f,PROJECT_SUPPORTED,per_snr_curve_table_source,Stage 5A artifact for cldnn/seed_3407; keep failed MCLDNN seeds
results/paper_stage2/rml2016a/cldnn/seed_3407/metrics_per_class.csv,true,881,0fd21680c13a11bdd0d25b0b24dc57fce8c28f77dbe5a61cce035ec60f37759b,PROJECT_SUPPORTED,appendix_per_class_source,Stage 5A artifact for cldnn/seed_3407; keep failed MCLDNN seeds
results/paper_stage2/rml2016a/cldnn/seed_3407/predictions_test.csv,true,23394349,345dc13d1ed76be4025c8bfa5ed92f73ec752f57edc0f72c10cef9eaf80eae97,PROJECT_SUPPORTED,paired_statistics_source_large_hash_or_archive,Stage 5A artifact for cldnn/seed_3407; large file; keep failed MCLDNN seeds
results/paper_stage2/rml2016a/cldnn/seed_3407/confusion_overall.csv,true,602,5e53fbb6d482fc99d882c3f1ea1f76a1b27bd0b9d2430be7531d01253419b4c3,PROJECT_SUPPORTED,appendix_confusion_source,Stage 5A artifact for cldnn/seed_3407; keep failed MCLDNN seeds
results/paper_stage2/rml2016a/cldnn/seed_3407/confusion_low_snr.csv,true,580,fb5149985875e4b968a1afb3cbdeb9cf87ffd039ec6e631a0a1618eac580c837,PROJECT_SUPPORTED,low_snr_confusion_source,Stage 5A artifact for cldnn/seed_3407; keep failed MCLDNN seeds
results/paper_stage2/rml2016a/cldnn/seed_3407/complexity.json,true,553,3ad32135cd69e97699ea8b5431a7100b5edcd83f3c7422bee30599f1087b34fe,PROJECT_SUPPORTED,complexity_source,Stage 5A artifact for cldnn/seed_3407; keep failed MCLDNN seeds
results/paper_stage2/rml2016a/cldnn/seed_3407/latency.json,true,1429,58f1b304864c9c0804bdbdd47ef1971f77ceab22a81dc5fb499342384105f99e,CONTROLLED_LATENCY,controlled_cuda_latency_source,Stage 5A artifact for cldnn/seed_3407; keep failed MCLDNN seeds
results/paper_stage2/rml2016a/cldnn/seed_3407/training_summary.json,true,347,cf343a0c3c7c8f96505c58c6687ccb5048f0da305847aeca3fc4140b2addc6e4,PROJECT_SUPPORTED,training_audit_source,Stage 5A artifact for cldnn/seed_3407; keep failed MCLDNN seeds
results/paper_stage2/rml2016a/mcldnn/seed_42/config_resolved.yaml,true,1007,ceab8ee117b078a339000a6392066b05df5e4a4a05fabe8f244db61634d6d4f8,PROJECT_SUPPORTED,run_reproducibility,Stage 5A artifact for mcldnn/seed_42; keep failed MCLDNN seeds
results/paper_stage2/rml2016a/mcldnn/seed_42/metrics_test.json,true,495,56d181f14933dc2bf6c44519607273ed081acc8f0594b0ca2a0f1a02e46cc0d9,PROJECT_SUPPORTED,main_metric_source,Stage 5A artifact for mcldnn/seed_42; keep failed MCLDNN seeds
results/paper_stage2/rml2016a/mcldnn/seed_42/metrics_per_snr.csv,true,2450,afeece8794b95ec8fd0caf7d0db44343ceddd53dd3bbc0f59c1a81d6cd3bf70c,PROJECT_SUPPORTED,per_snr_curve_table_source,Stage 5A artifact for mcldnn/seed_42; keep failed MCLDNN seeds
results/paper_stage2/rml2016a/mcldnn/seed_42/metrics_per_class.csv,true,871,d0bdfe70310c6e284545dd41bb3cb0ef9c035c3b9798876e101968c11342f653,PROJECT_SUPPORTED,appendix_per_class_source,Stage 5A artifact for mcldnn/seed_42; keep failed MCLDNN seeds
results/paper_stage2/rml2016a/mcldnn/seed_42/predictions_test.csv,true,23238738,5005b8b04bc4743ccfbcdf7815d58022964d95652431a04b8a157c8fd52094b7,PROJECT_SUPPORTED,paired_statistics_source_large_hash_or_archive,Stage 5A artifact for mcldnn/seed_42; large file; keep failed MCLDNN seeds
results/paper_stage2/rml2016a/mcldnn/seed_42/confusion_overall.csv,true,596,4346854a2ec23b8525cded35d94be8f251e488f42ed77a2ecb6bf6e76f352840,PROJECT_SUPPORTED,appendix_confusion_source,Stage 5A artifact for mcldnn/seed_42; keep failed MCLDNN seeds
results/paper_stage2/rml2016a/mcldnn/seed_42/confusion_low_snr.csv,true,564,26057bc3dc1be7b7f0b8c943081dcdb235f8cc0bf85a679237d6c40e9608e325,PROJECT_SUPPORTED,low_snr_confusion_source,Stage 5A artifact for mcldnn/seed_42; keep failed MCLDNN seeds
results/paper_stage2/rml2016a/mcldnn/seed_42/complexity.json,true,554,1edacf80655932e28f09051c364966de29b6492dbde3e645e196875ba6f1b6a2,PROJECT_SUPPORTED,complexity_source,Stage 5A artifact for mcldnn/seed_42; keep failed MCLDNN seeds
results/paper_stage2/rml2016a/mcldnn/seed_42/latency.json,true,1423,eddef04750b247fa8b956bc4e19ba64281f955ac2168e20aee44765ecea25fb8,CONTROLLED_LATENCY,controlled_cuda_latency_source,Stage 5A artifact for mcldnn/seed_42; keep failed MCLDNN seeds
results/paper_stage2/rml2016a/mcldnn/seed_42/training_summary.json,true,347,4992bdadb79722b0e06229b2c86564aa141dac1fb4bc76d100efcc53694bbeb5,PROJECT_SUPPORTED,training_audit_source,Stage 5A artifact for mcldnn/seed_42; keep failed MCLDNN seeds
results/paper_stage2/rml2016a/mcldnn/seed_2025/config_resolved.yaml,true,1009,d9da0d868a49f6ee81aec25b397b4ca74860ec0c5d060b1f9aa53c409c29904c,PROJECT_SUPPORTED,run_reproducibility,Stage 5A artifact for mcldnn/seed_2025; keep failed MCLDNN seeds
results/paper_stage2/rml2016a/mcldnn/seed_2025/metrics_test.json,true,504,28b2c6d44517827174e870a54afd01cab29839c30e16801e25c1a7df3c4e35e7,PROJECT_SUPPORTED,main_metric_source,Stage 5A artifact for mcldnn/seed_2025; keep failed MCLDNN seeds
results/paper_stage2/rml2016a/mcldnn/seed_2025/metrics_per_snr.csv,true,2534,1895b876e45c59f7329edd42f419779d88fee518fae7720767299ee60164ad4b,PROJECT_SUPPORTED,per_snr_curve_table_source,Stage 5A artifact for mcldnn/seed_2025; keep failed MCLDNN seeds
results/paper_stage2/rml2016a/mcldnn/seed_2025/metrics_per_class.csv,true,857,0a9589ea65ac29ef3f16409cd256c6c03d94d6e78d3b7e564a218a4c370662c5,PROJECT_SUPPORTED,appendix_per_class_source,Stage 5A artifact for mcldnn/seed_2025; keep failed MCLDNN seeds
results/paper_stage2/rml2016a/mcldnn/seed_2025/predictions_test.csv,true,23653299,ee4fd55412b5646d8dbe364984ea06cbdfee4c195d6307eee0906ad9d35c0a64,PROJECT_SUPPORTED,paired_statistics_source_large_hash_or_archive,Stage 5A artifact for mcldnn/seed_2025; large file; keep failed MCLDNN seeds
results/paper_stage2/rml2016a/mcldnn/seed_2025/confusion_overall.csv,true,482,2adf2997015030ef861e9fe17ef2c9630974e437dbd3dd17691f4693ab5c74a5,PROJECT_SUPPORTED,appendix_confusion_source,Stage 5A artifact for mcldnn/seed_2025; keep failed MCLDNN seeds
results/paper_stage2/rml2016a/mcldnn/seed_2025/confusion_low_snr.csv,true,482,937254968548d56c688b2ca6250daafe643c589588d5b27d6ca226da7037b6f1,PROJECT_SUPPORTED,low_snr_confusion_source,Stage 5A artifact for mcldnn/seed_2025; keep failed MCLDNN seeds
results/paper_stage2/rml2016a/mcldnn/seed_2025/complexity.json,true,554,1edacf80655932e28f09051c364966de29b6492dbde3e645e196875ba6f1b6a2,PROJECT_SUPPORTED,complexity_source,Stage 5A artifact for mcldnn/seed_2025; keep failed MCLDNN seeds
results/paper_stage2/rml2016a/mcldnn/seed_2025/latency.json,true,1429,40a3208587c9dd772d5a7b405c2a9a42b30aa03b8de4f75a903f4b71d306ffe2,CONTROLLED_LATENCY,controlled_cuda_latency_source,Stage 5A artifact for mcldnn/seed_2025; keep failed MCLDNN seeds
results/paper_stage2/rml2016a/mcldnn/seed_2025/training_summary.json,true,347,e844f3251d52274f9108f938139e4173103cddccb611f3d8d8d97721b395b6b3,PROJECT_SUPPORTED,training_audit_source,Stage 5A artifact for mcldnn/seed_2025; keep failed MCLDNN seeds
results/paper_stage2/rml2016a/mcldnn/seed_3407/config_resolved.yaml,true,1009,99d5549544a5dea6871cbb4a5207379cec2147cd1ea9cb5a3ce78e1c05af83d2,PROJECT_SUPPORTED,run_reproducibility,Stage 5A artifact for mcldnn/seed_3407; keep failed MCLDNN seeds
results/paper_stage2/rml2016a/mcldnn/seed_3407/metrics_test.json,true,504,d10de731f4c573a728bfe85572f50cfe88b4b61ea8f8f2bddcb716fcba1790d0,PROJECT_SUPPORTED,main_metric_source,Stage 5A artifact for mcldnn/seed_3407; keep failed MCLDNN seeds
results/paper_stage2/rml2016a/mcldnn/seed_3407/metrics_per_snr.csv,true,2534,40305107acb02c1516266b2834dd8fd0010be657b85df2af98bea4c1d07c8f54,PROJECT_SUPPORTED,per_snr_curve_table_source,Stage 5A artifact for mcldnn/seed_3407; keep failed MCLDNN seeds
results/paper_stage2/rml2016a/mcldnn/seed_3407/metrics_per_class.csv,true,857,576d470c988d2bff0bf8283692e593839602f245d270b9aeb430ca18c10e7b06,PROJECT_SUPPORTED,appendix_per_class_source,Stage 5A artifact for mcldnn/seed_3407; keep failed MCLDNN seeds
results/paper_stage2/rml2016a/mcldnn/seed_3407/predictions_test.csv,true,23433971,e1f3e33d3a86b4d73c854dc28193893bcb6e7032074ea26e52193a1f6f636f09,PROJECT_SUPPORTED,paired_statistics_source_large_hash_or_archive,Stage 5A artifact for mcldnn/seed_3407; large file; keep failed MCLDNN seeds
results/paper_stage2/rml2016a/mcldnn/seed_3407/confusion_overall.csv,true,482,10828dfeeb88775a8ba8ea1288c4c11d1bafc33a149e22c3248af596413dd152,PROJECT_SUPPORTED,appendix_confusion_source,Stage 5A artifact for mcldnn/seed_3407; keep failed MCLDNN seeds
results/paper_stage2/rml2016a/mcldnn/seed_3407/confusion_low_snr.csv,true,482,2b9145d9a895115291e507370ef022921dd8c339167516edc7cd1450b0039609,PROJECT_SUPPORTED,low_snr_confusion_source,Stage 5A artifact for mcldnn/seed_3407; keep failed MCLDNN seeds
results/paper_stage2/rml2016a/mcldnn/seed_3407/complexity.json,true,554,1edacf80655932e28f09051c364966de29b6492dbde3e645e196875ba6f1b6a2,PROJECT_SUPPORTED,complexity_source,Stage 5A artifact for mcldnn/seed_3407; keep failed MCLDNN seeds
results/paper_stage2/rml2016a/mcldnn/seed_3407/latency.json,true,1427,4bd0d1db63df56cc5fc72bd2ef0144b1b97f41d2fb078dae1428da8263c934ae,CONTROLLED_LATENCY,controlled_cuda_latency_source,Stage 5A artifact for mcldnn/seed_3407; keep failed MCLDNN seeds
results/paper_stage2/rml2016a/mcldnn/seed_3407/training_summary.json,true,347,a95fd571c2b26c71fd0d425edd8b4a769458eeecc6ca3808d8bb788e1976c686,PROJECT_SUPPORTED,training_audit_source,Stage 5A artifact for mcldnn/seed_3407; keep failed MCLDNN seeds
results/paper_stage2/rml2016a/lwamcnet/seed_42/config_resolved.yaml,true,1011,2f35878cd9f9656324adfc388c557efc8d3a36742d449b388e2d6b230a0d76d6,PROJECT_SUPPORTED,run_reproducibility,Stage 5A artifact for lwamcnet/seed_42; keep failed MCLDNN seeds
results/paper_stage2/rml2016a/lwamcnet/seed_42/metrics_test.json,true,496,15e5bdaa29a0e857f288ccc1f3a9f680f9ff6dd9500479a4897d96ccadc1341e,PROJECT_SUPPORTED,main_metric_source,Stage 5A artifact for lwamcnet/seed_42; keep failed MCLDNN seeds
results/paper_stage2/rml2016a/lwamcnet/seed_42/metrics_per_snr.csv,true,2434,27d25288c28fe9c5670f948e8e126e787fb71e3895987c618aefd165f57dc64f,PROJECT_SUPPORTED,per_snr_curve_table_source,Stage 5A artifact for lwamcnet/seed_42; keep failed MCLDNN seeds
results/paper_stage2/rml2016a/lwamcnet/seed_42/metrics_per_class.csv,true,888,b923fa8ece1e7bb8498375b9fecb33f7b4084a88380bed42d0e502e638a41dca,PROJECT_SUPPORTED,appendix_per_class_source,Stage 5A artifact for lwamcnet/seed_42; keep failed MCLDNN seeds
results/paper_stage2/rml2016a/lwamcnet/seed_42/predictions_test.csv,true,23336591,f91bc9a328204e03d31e8ee9de4b2f5a9fe1a3c9dcc93f02eb968b913be2ee55,PROJECT_SUPPORTED,paired_statistics_source_large_hash_or_archive,Stage 5A artifact for lwamcnet/seed_42; large file; keep failed MCLDNN seeds
results/paper_stage2/rml2016a/lwamcnet/seed_42/confusion_overall.csv,true,603,09534bad76709eedcc192100f3e273352094b5ba214c3b10be78643a5224bba4,PROJECT_SUPPORTED,appendix_confusion_source,Stage 5A artifact for lwamcnet/seed_42; keep failed MCLDNN seeds
results/paper_stage2/rml2016a/lwamcnet/seed_42/confusion_low_snr.csv,true,574,0bd156016374018eff8dcfa33ca91bc6e39737d2c963cb8ddd24b9fa3914983c,PROJECT_SUPPORTED,low_snr_confusion_source,Stage 5A artifact for lwamcnet/seed_42; keep failed MCLDNN seeds
results/paper_stage2/rml2016a/lwamcnet/seed_42/complexity.json,true,554,92d780baca12e1911ea14457a1af081ffa16f0d1206f0cd8f4716e8c99f0b75e,PROJECT_SUPPORTED,complexity_source,Stage 5A artifact for lwamcnet/seed_42; keep failed MCLDNN seeds
results/paper_stage2/rml2016a/lwamcnet/seed_42/latency.json,true,1432,b922602d9a3c41f4f404a714d7857b3df3d55d96c8bc8003d7bc0c8a2d11fbd9,CONTROLLED_LATENCY,controlled_cuda_latency_source,Stage 5A artifact for lwamcnet/seed_42; keep failed MCLDNN seeds
results/paper_stage2/rml2016a/lwamcnet/seed_42/training_summary.json,true,349,20ecc8546645e8f275ce9cf7cd96687f9aa676d7ee8e19168922fe86855c59d9,PROJECT_SUPPORTED,training_audit_source,Stage 5A artifact for lwamcnet/seed_42; keep failed MCLDNN seeds
results/paper_stage2/rml2016a/lwamcnet/seed_2025/config_resolved.yaml,true,1013,cf713e4536f4be88b33e119778819042dde0adbdbac30cadc0313edfc86d8cb5,PROJECT_SUPPORTED,run_reproducibility,Stage 5A artifact for lwamcnet/seed_2025; keep failed MCLDNN seeds
results/paper_stage2/rml2016a/lwamcnet/seed_2025/metrics_test.json,true,498,d7fd36806a99f7b9a59629ed0b596572bf27482db99e92235119fde33de602b6,PROJECT_SUPPORTED,main_metric_source,Stage 5A artifact for lwamcnet/seed_2025; keep failed MCLDNN seeds
results/paper_stage2/rml2016a/lwamcnet/seed_2025/metrics_per_snr.csv,true,2478,6036df9fa21b78c5c33efa7a418a8a85a91effc11854db2bd8b5ddee54f9f281,PROJECT_SUPPORTED,per_snr_curve_table_source,Stage 5A artifact for lwamcnet/seed_2025; keep failed MCLDNN seeds
results/paper_stage2/rml2016a/lwamcnet/seed_2025/metrics_per_class.csv,true,917,593fb61bd82ccf37c719b9b9b350d1cc65eef0791dd7eca71ba0706202f4b241,PROJECT_SUPPORTED,appendix_per_class_source,Stage 5A artifact for lwamcnet/seed_2025; keep failed MCLDNN seeds
results/paper_stage2/rml2016a/lwamcnet/seed_2025/predictions_test.csv,true,23431384,ec2171f6ef0c6bf8e4d4a23ff5afdbd20093c4474dbb053c145527498a05d933,PROJECT_SUPPORTED,paired_statistics_source_large_hash_or_archive,Stage 5A artifact for lwamcnet/seed_2025; large file; keep failed MCLDNN seeds
results/paper_stage2/rml2016a/lwamcnet/seed_2025/confusion_overall.csv,true,603,d4638e758f2737c9c6bff0e7b5a12dd5a920115883c5d9fe9165db6303e292b8,PROJECT_SUPPORTED,appendix_confusion_source,Stage 5A artifact for lwamcnet/seed_2025; keep failed MCLDNN seeds
results/paper_stage2/rml2016a/lwamcnet/seed_2025/confusion_low_snr.csv,true,570,c6f734db13cfa75f7f38d62e7bf00a4b0bf3e1dd73989d6c02bf8d3e80728da3,PROJECT_SUPPORTED,low_snr_confusion_source,Stage 5A artifact for lwamcnet/seed_2025; keep failed MCLDNN seeds
results/paper_stage2/rml2016a/lwamcnet/seed_2025/complexity.json,true,554,92d780baca12e1911ea14457a1af081ffa16f0d1206f0cd8f4716e8c99f0b75e,PROJECT_SUPPORTED,complexity_source,Stage 5A artifact for lwamcnet/seed_2025; keep failed MCLDNN seeds
results/paper_stage2/rml2016a/lwamcnet/seed_2025/latency.json,true,1420,46288b52d18a35ba8294b2d4b2db406420e0fdd2b01f55d900c9fb70c256e3e5,CONTROLLED_LATENCY,controlled_cuda_latency_source,Stage 5A artifact for lwamcnet/seed_2025; keep failed MCLDNN seeds
results/paper_stage2/rml2016a/lwamcnet/seed_2025/training_summary.json,true,351,7acc4ab6eb671fa16d04f556bce1ca552c3c489748010cbc32cdc54b06d55637,PROJECT_SUPPORTED,training_audit_source,Stage 5A artifact for lwamcnet/seed_2025; keep failed MCLDNN seeds
results/paper_stage2/rml2016a/lwamcnet/seed_3407/config_resolved.yaml,true,1013,5203e419e5785fee8937895a02aae08652bdb44f11a79c52b8edd3013a71e1bf,PROJECT_SUPPORTED,run_reproducibility,Stage 5A artifact for lwamcnet/seed_3407; keep failed MCLDNN seeds
results/paper_stage2/rml2016a/lwamcnet/seed_3407/metrics_test.json,true,498,4cd555b1d57558dba0c6b59471f0850fc2104b9fcf683fea12092a49253dd82a,PROJECT_SUPPORTED,main_metric_source,Stage 5A artifact for lwamcnet/seed_3407; keep failed MCLDNN seeds
results/paper_stage2/rml2016a/lwamcnet/seed_3407/metrics_per_snr.csv,true,2517,5cf33b8c478f075ef24f201403a89b42bc8310cafed16052656ba220e5360d30,PROJECT_SUPPORTED,per_snr_curve_table_source,Stage 5A artifact for lwamcnet/seed_3407; keep failed MCLDNN seeds
results/paper_stage2/rml2016a/lwamcnet/seed_3407/metrics_per_class.csv,true,911,62fa40527b51fc00030e1019f4a7c546a8348780fe6adf80941546ac5a6805a0,PROJECT_SUPPORTED,appendix_per_class_source,Stage 5A artifact for lwamcnet/seed_3407; keep failed MCLDNN seeds
results/paper_stage2/rml2016a/lwamcnet/seed_3407/predictions_test.csv,true,23423190,2fbea66120b4999aea99b12a5151709979ddf89c28764fea9edbede380efc5f9,PROJECT_SUPPORTED,paired_statistics_source_large_hash_or_archive,Stage 5A artifact for lwamcnet/seed_3407; large file; keep failed MCLDNN seeds
results/paper_stage2/rml2016a/lwamcnet/seed_3407/confusion_overall.csv,true,619,bdd5cace9c5f5819c74844931c538278d34061b3299922886c76bcb6e28247e4,PROJECT_SUPPORTED,appendix_confusion_source,Stage 5A artifact for lwamcnet/seed_3407; keep failed MCLDNN seeds
results/paper_stage2/rml2016a/lwamcnet/seed_3407/confusion_low_snr.csv,true,595,f8a29b199f26a755c408595205c04cf3e043dcd47b5498c72fbe64d7b2f3d63d,PROJECT_SUPPORTED,low_snr_confusion_source,Stage 5A artifact for lwamcnet/seed_3407; keep failed MCLDNN seeds
results/paper_stage2/rml2016a/lwamcnet/seed_3407/complexity.json,true,554,92d780baca12e1911ea14457a1af081ffa16f0d1206f0cd8f4716e8c99f0b75e,PROJECT_SUPPORTED,complexity_source,Stage 5A artifact for lwamcnet/seed_3407; keep failed MCLDNN seeds
results/paper_stage2/rml2016a/lwamcnet/seed_3407/latency.json,true,1428,953f9b227c1126cee67351da97fb4d8044ece3dd889b55647464425d12c1f9e7,CONTROLLED_LATENCY,controlled_cuda_latency_source,Stage 5A artifact for lwamcnet/seed_3407; keep failed MCLDNN seeds
results/paper_stage2/rml2016a/lwamcnet/seed_3407/training_summary.json,true,350,045436cf4cb4497bb722d9efec1031f28a950e99e31b3bcaca1cfed9dbab1320,PROJECT_SUPPORTED,training_audit_source,Stage 5A artifact for lwamcnet/seed_3407; keep failed MCLDNN seeds
results/paper_stage2/rml2016a/iq_param_matched/seed_42/config_resolved.yaml,true,1027,56b54efd9f22570cadc3945d98e9d9ee3108c24856575a90ee343ca3e25e77e2,PROJECT_SUPPORTED,run_reproducibility,Stage 5A artifact for iq_param_matched/seed_42; keep failed MCLDNN seeds
results/paper_stage2/rml2016a/iq_param_matched/seed_42/metrics_test.json,true,504,a845a82dd945e063204d8b7d435661c16c81d154c23deb3365b6f6763e3000ab,PROJECT_SUPPORTED,main_metric_source,Stage 5A artifact for iq_param_matched/seed_42; keep failed MCLDNN seeds
results/paper_stage2/rml2016a/iq_param_matched/seed_42/metrics_per_snr.csv,true,2604,e1b9a8e18f7b9e03c01bec66a8eace4f478fc95402f5aa5de768a9deda5d103c,PROJECT_SUPPORTED,per_snr_curve_table_source,Stage 5A artifact for iq_param_matched/seed_42; keep failed MCLDNN seeds
results/paper_stage2/rml2016a/iq_param_matched/seed_42/metrics_per_class.csv,true,982,2d4ae3cf10421146c78c2283626fd586ac4c581f3ec7ad23fb7299da54e598eb,PROJECT_SUPPORTED,appendix_per_class_source,Stage 5A artifact for iq_param_matched/seed_42; keep failed MCLDNN seeds
results/paper_stage2/rml2016a/iq_param_matched/seed_42/predictions_test.csv,true,23764051,92e346ef6f52a303bdfa9cf4d09a23eb80d93c504f22a1d7f1ccd77d35facb2e,PROJECT_SUPPORTED,paired_statistics_source_large_hash_or_archive,Stage 5A artifact for iq_param_matched/seed_42; large file; keep failed MCLDNN seeds
results/paper_stage2/rml2016a/iq_param_matched/seed_42/confusion_overall.csv,true,595,5dd913b89830849db7da75d28e01b92b6d31f06a96dca255b26bf8cb190db66e,PROJECT_SUPPORTED,appendix_confusion_source,Stage 5A artifact for iq_param_matched/seed_42; keep failed MCLDNN seeds
results/paper_stage2/rml2016a/iq_param_matched/seed_42/confusion_low_snr.csv,true,571,64c75150de6ec4ab9d1814673a3536d30667c2d06ee67d904972b2e1a537e6b6,PROJECT_SUPPORTED,low_snr_confusion_source,Stage 5A artifact for iq_param_matched/seed_42; keep failed MCLDNN seeds
results/paper_stage2/rml2016a/iq_param_matched/seed_42/complexity.json,true,564,dca20cce58a94023e58efb55cffa163de09bf064504d43ef43e3e41332bee05b,PROJECT_SUPPORTED,complexity_source,Stage 5A artifact for iq_param_matched/seed_42; keep failed MCLDNN seeds
results/paper_stage2/rml2016a/iq_param_matched/seed_42/latency.json,true,1440,0e562eb70c93db7a3bf196434151c15bbc82ce53b38cae89d8fe053134e76394,CONTROLLED_LATENCY,controlled_cuda_latency_source,Stage 5A artifact for iq_param_matched/seed_42; keep failed MCLDNN seeds
results/paper_stage2/rml2016a/iq_param_matched/seed_42/training_summary.json,true,356,195e844590e97b192af2a443cd400e6656bece5699439ac56d5d714ad44065d8,PROJECT_SUPPORTED,training_audit_source,Stage 5A artifact for iq_param_matched/seed_42; keep failed MCLDNN seeds
results/paper_stage2/rml2016a/iq_param_matched/seed_2025/config_resolved.yaml,true,1029,210550a7b796d62708aa95f5bf3d43a589d1953579c66a6e29dbe210fdf57d37,PROJECT_SUPPORTED,run_reproducibility,Stage 5A artifact for iq_param_matched/seed_2025; keep failed MCLDNN seeds
results/paper_stage2/rml2016a/iq_param_matched/seed_2025/metrics_test.json,true,506,3ce5860cbde0f7296ded8849b2128cecbefee5b24c280afd56e885d6def0ac8c,PROJECT_SUPPORTED,main_metric_source,Stage 5A artifact for iq_param_matched/seed_2025; keep failed MCLDNN seeds
results/paper_stage2/rml2016a/iq_param_matched/seed_2025/metrics_per_snr.csv,true,2606,7056fbe9c98ac571351c4967dd45f3109fc999759c9fe9b67b6434ff36955d88,PROJECT_SUPPORTED,per_snr_curve_table_source,Stage 5A artifact for iq_param_matched/seed_2025; keep failed MCLDNN seeds
results/paper_stage2/rml2016a/iq_param_matched/seed_2025/metrics_per_class.csv,true,1005,0569be17686e0b123955d899750b5457c975a7e48a6f2be5f8dd26547a3be7f4,PROJECT_SUPPORTED,appendix_per_class_source,Stage 5A artifact for iq_param_matched/seed_2025; keep failed MCLDNN seeds
results/paper_stage2/rml2016a/iq_param_matched/seed_2025/predictions_test.csv,true,23860699,ecfa98aec88d90ce6b58e7a90ac91f11adc00a7571949d2ffa5763e804cc7819,PROJECT_SUPPORTED,paired_statistics_source_large_hash_or_archive,Stage 5A artifact for iq_param_matched/seed_2025; large file; keep failed MCLDNN seeds
results/paper_stage2/rml2016a/iq_param_matched/seed_2025/confusion_overall.csv,true,609,1fdd1e736ea7c7c87a575446a1ae119ec900d68985be54cc1badbdc285d68928,PROJECT_SUPPORTED,appendix_confusion_source,Stage 5A artifact for iq_param_matched/seed_2025; keep failed MCLDNN seeds
results/paper_stage2/rml2016a/iq_param_matched/seed_2025/confusion_low_snr.csv,true,589,c8133260c6e23dde5b59fdb4f4e9cd6e55b8787f56dee929deabbeb6fbbef05c,PROJECT_SUPPORTED,low_snr_confusion_source,Stage 5A artifact for iq_param_matched/seed_2025; keep failed MCLDNN seeds
results/paper_stage2/rml2016a/iq_param_matched/seed_2025/complexity.json,true,564,dca20cce58a94023e58efb55cffa163de09bf064504d43ef43e3e41332bee05b,PROJECT_SUPPORTED,complexity_source,Stage 5A artifact for iq_param_matched/seed_2025; keep failed MCLDNN seeds
results/paper_stage2/rml2016a/iq_param_matched/seed_2025/latency.json,true,1444,35a81ce4c602808a6bc68f0cc0ef6099578b688ecb3ab080854521c44f352017,CONTROLLED_LATENCY,controlled_cuda_latency_source,Stage 5A artifact for iq_param_matched/seed_2025; keep failed MCLDNN seeds
results/paper_stage2/rml2016a/iq_param_matched/seed_2025/training_summary.json,true,358,20e5012ed71bbab095df3288f685dc8333149016a4cfa9536a7aab53c3f6f2b6,PROJECT_SUPPORTED,training_audit_source,Stage 5A artifact for iq_param_matched/seed_2025; keep failed MCLDNN seeds
results/paper_stage2/rml2016a/iq_param_matched/seed_3407/config_resolved.yaml,true,1029,acaa89798f3217a5a4763547c169eec86a216ec1ce996b88f5c4a41b9b3b5719,PROJECT_SUPPORTED,run_reproducibility,Stage 5A artifact for iq_param_matched/seed_3407; keep failed MCLDNN seeds
results/paper_stage2/rml2016a/iq_param_matched/seed_3407/metrics_test.json,true,507,3d0e3dae816ca907069fd1f8ed711962359c9dcf86c4ea4d18a396d825e21c7b,PROJECT_SUPPORTED,main_metric_source,Stage 5A artifact for iq_param_matched/seed_3407; keep failed MCLDNN seeds
results/paper_stage2/rml2016a/iq_param_matched/seed_3407/metrics_per_snr.csv,true,2545,7c1269f82b1db8da90e6d46523f79f32183dbe0627742ae36adb4d3de741e841,PROJECT_SUPPORTED,per_snr_curve_table_source,Stage 5A artifact for iq_param_matched/seed_3407; keep failed MCLDNN seeds
results/paper_stage2/rml2016a/iq_param_matched/seed_3407/metrics_per_class.csv,true,998,a85ff37862cac53373ea9ae62a17688876092abeede9b5c25b38839370ec6527,PROJECT_SUPPORTED,appendix_per_class_source,Stage 5A artifact for iq_param_matched/seed_3407; keep failed MCLDNN seeds
results/paper_stage2/rml2016a/iq_param_matched/seed_3407/predictions_test.csv,true,23860401,768b5aa655a18141f20ef3268103ea53866f3ef9db79aa8c5a1edc633d0156a8,PROJECT_SUPPORTED,paired_statistics_source_large_hash_or_archive,Stage 5A artifact for iq_param_matched/seed_3407; large file; keep failed MCLDNN seeds
results/paper_stage2/rml2016a/iq_param_matched/seed_3407/confusion_overall.csv,true,603,3c7688699b7be62fa16c1d73aa46da7d87af141aa900b51d648928f2ef26e583,PROJECT_SUPPORTED,appendix_confusion_source,Stage 5A artifact for iq_param_matched/seed_3407; keep failed MCLDNN seeds
results/paper_stage2/rml2016a/iq_param_matched/seed_3407/confusion_low_snr.csv,true,575,a0ed084d0f7ff3825fc8cba63868035393c45a95115e8c71f33b7318b0eb463c,PROJECT_SUPPORTED,low_snr_confusion_source,Stage 5A artifact for iq_param_matched/seed_3407; keep failed MCLDNN seeds
results/paper_stage2/rml2016a/iq_param_matched/seed_3407/complexity.json,true,564,dca20cce58a94023e58efb55cffa163de09bf064504d43ef43e3e41332bee05b,PROJECT_SUPPORTED,complexity_source,Stage 5A artifact for iq_param_matched/seed_3407; keep failed MCLDNN seeds
results/paper_stage2/rml2016a/iq_param_matched/seed_3407/latency.json,true,1434,0af6cff462a007c84682bb9cd7009cfc711c8eb20040c5477bbaf0bed2259a3b,CONTROLLED_LATENCY,controlled_cuda_latency_source,Stage 5A artifact for iq_param_matched/seed_3407; keep failed MCLDNN seeds
results/paper_stage2/rml2016a/iq_param_matched/seed_3407/training_summary.json,true,358,a2eea0b7f91e5d0774e616d94e8d2677f023a3abfc55d25d814658932f8f0cea,PROJECT_SUPPORTED,training_audit_source,Stage 5A artifact for iq_param_matched/seed_3407; keep failed MCLDNN seeds
results/paper_stage2/rml2016a/gated_fusion_iq_stft/seed_42/config_resolved.yaml,true,1044,2bbe31b117ffbfbfdba158f21cf4f88fc5ee21c6c575b55b14c4f75ad59ebadf,PROJECT_SUPPORTED,run_reproducibility,Stage 5A artifact for gated_fusion_iq_stft/seed_42; keep failed MCLDNN seeds
results/paper_stage2/rml2016a/gated_fusion_iq_stft/seed_42/metrics_test.json,true,508,2d2b9156fca4bc4c88818aba5f6f9cf91e3801978567ce552a0480068d24653a,PROJECT_SUPPORTED,main_metric_source,Stage 5A artifact for gated_fusion_iq_stft/seed_42; keep failed MCLDNN seeds
results/paper_stage2/rml2016a/gated_fusion_iq_stft/seed_42/metrics_per_snr.csv,true,2703,29f1b4c4363a3a931673a4d1169cc5c09b4d9fe5295df787316c2d4afbfd1cda,PROJECT_SUPPORTED,per_snr_curve_table_source,Stage 5A artifact for gated_fusion_iq_stft/seed_42; keep failed MCLDNN seeds
results/paper_stage2/rml2016a/gated_fusion_iq_stft/seed_42/metrics_per_class.csv,true,1025,cdd728c5d16d4fb6c61290d9b50e243216816440f9c6727ad54d0607545e7aa9,PROJECT_SUPPORTED,appendix_per_class_source,Stage 5A artifact for gated_fusion_iq_stft/seed_42; keep failed MCLDNN seeds
results/paper_stage2/rml2016a/gated_fusion_iq_stft/seed_42/predictions_test.csv,true,23936258,c425b32770122e7f0452faa551360760a92b6f98860e82c02e85baf1cf6dfdd0,PROJECT_SUPPORTED,paired_statistics_source_large_hash_or_archive,Stage 5A artifact for gated_fusion_iq_stft/seed_42; large file; keep failed MCLDNN seeds
results/paper_stage2/rml2016a/gated_fusion_iq_stft/seed_42/confusion_overall.csv,true,609,13b1bb3e085d673a1335f885065529ad662a29d08446608001507fbf02f36a34,PROJECT_SUPPORTED,appendix_confusion_source,Stage 5A artifact for gated_fusion_iq_stft/seed_42; keep failed MCLDNN seeds
results/paper_stage2/rml2016a/gated_fusion_iq_stft/seed_42/confusion_low_snr.csv,true,591,2f51282ac9850af252069a4eb01dfad1388a0b81e75116ec46b84358b4357bc1,PROJECT_SUPPORTED,low_snr_confusion_source,Stage 5A artifact for gated_fusion_iq_stft/seed_42; keep failed MCLDNN seeds
results/paper_stage2/rml2016a/gated_fusion_iq_stft/seed_42/complexity.json,true,626,867c2d6ea71035c7da3f9dcf343c608ed33138f6887a97143bfa5951d4d4bb4c,PROJECT_SUPPORTED,complexity_source,Stage 5A artifact for gated_fusion_iq_stft/seed_42; keep failed MCLDNN seeds
results/paper_stage2/rml2016a/gated_fusion_iq_stft/seed_42/latency.json,true,1449,56a5cdbe51e367ab15bdee357e1a70633e9e628b412453d04b232c1f6fbeb7a9,CONTROLLED_LATENCY,controlled_cuda_latency_source,Stage 5A artifact for gated_fusion_iq_stft/seed_42; keep failed MCLDNN seeds
results/paper_stage2/rml2016a/gated_fusion_iq_stft/seed_42/training_summary.json,true,358,dd080053974f9778de7fba00a580d3f4b8c32a10b7a0b8c2a73ebe4ffc941f75,PROJECT_SUPPORTED,training_audit_source,Stage 5A artifact for gated_fusion_iq_stft/seed_42; keep failed MCLDNN seeds
results/paper_stage2/rml2016a/gated_fusion_iq_stft/seed_2025/config_resolved.yaml,true,1046,029e64f2b4edf8ed5abc6758d3011e997e9c325d8d2001b9954120297bedb46b,PROJECT_SUPPORTED,run_reproducibility,Stage 5A artifact for gated_fusion_iq_stft/seed_2025; keep failed MCLDNN seeds
results/paper_stage2/rml2016a/gated_fusion_iq_stft/seed_2025/metrics_test.json,true,510,27ed5c419f855fc0bbf8551fdb53fc158f47315c9c8511f97aa6249c7767f8e7,PROJECT_SUPPORTED,main_metric_source,Stage 5A artifact for gated_fusion_iq_stft/seed_2025; keep failed MCLDNN seeds
results/paper_stage2/rml2016a/gated_fusion_iq_stft/seed_2025/metrics_per_snr.csv,true,2712,ad766410aff83c1b6a957f1ba22f6ecc7ba01499fd06c2de320de15fe3d079b9,PROJECT_SUPPORTED,per_snr_curve_table_source,Stage 5A artifact for gated_fusion_iq_stft/seed_2025; keep failed MCLDNN seeds
results/paper_stage2/rml2016a/gated_fusion_iq_stft/seed_2025/metrics_per_class.csv,true,1046,2b682e5365e108f87c77ef14f169e5a4d30bd4f766eea87e46a9417644749c70,PROJECT_SUPPORTED,appendix_per_class_source,Stage 5A artifact for gated_fusion_iq_stft/seed_2025; keep failed MCLDNN seeds
results/paper_stage2/rml2016a/gated_fusion_iq_stft/seed_2025/predictions_test.csv,true,24021587,74be9e71558c3d9e12662fd54e96fec6ee34f44330e0f84c74107c3f694a3e5e,PROJECT_SUPPORTED,paired_statistics_source_large_hash_or_archive,Stage 5A artifact for gated_fusion_iq_stft/seed_2025; large file; keep failed MCLDNN seeds
results/paper_stage2/rml2016a/gated_fusion_iq_stft/seed_2025/confusion_overall.csv,true,603,e27dadaec50ae7c2c533cdbb7f0c4b159ec619f1f65b563ebab60c61074b69be,PROJECT_SUPPORTED,appendix_confusion_source,Stage 5A artifact for gated_fusion_iq_stft/seed_2025; keep failed MCLDNN seeds
results/paper_stage2/rml2016a/gated_fusion_iq_stft/seed_2025/confusion_low_snr.csv,true,579,0991c6ac45541cfc8dc239cee9adb42e027cdab275b843f3ba1278a6b00ecbcf,PROJECT_SUPPORTED,low_snr_confusion_source,Stage 5A artifact for gated_fusion_iq_stft/seed_2025; keep failed MCLDNN seeds
results/paper_stage2/rml2016a/gated_fusion_iq_stft/seed_2025/complexity.json,true,626,867c2d6ea71035c7da3f9dcf343c608ed33138f6887a97143bfa5951d4d4bb4c,PROJECT_SUPPORTED,complexity_source,Stage 5A artifact for gated_fusion_iq_stft/seed_2025; keep failed MCLDNN seeds
results/paper_stage2/rml2016a/gated_fusion_iq_stft/seed_2025/latency.json,true,1441,ebec1cf2ea8b01055ce560ac7ea087a645477eb45c48654864cdaea3447eeb8f,CONTROLLED_LATENCY,controlled_cuda_latency_source,Stage 5A artifact for gated_fusion_iq_stft/seed_2025; keep failed MCLDNN seeds
results/paper_stage2/rml2016a/gated_fusion_iq_stft/seed_2025/training_summary.json,true,362,f6c0ca397cfec67caa51708118ebe4774609dc41aaa7eb53875bdf84daddc150,PROJECT_SUPPORTED,training_audit_source,Stage 5A artifact for gated_fusion_iq_stft/seed_2025; keep failed MCLDNN seeds
results/paper_stage2/rml2016a/gated_fusion_iq_stft/seed_3407/config_resolved.yaml,true,1046,fcd70a921b1fdcfa15cc134b12c55a39f8e42fdffb58d56a717963bf036add3a,PROJECT_SUPPORTED,run_reproducibility,Stage 5A artifact for gated_fusion_iq_stft/seed_3407; keep failed MCLDNN seeds
results/paper_stage2/rml2016a/gated_fusion_iq_stft/seed_3407/metrics_test.json,true,485,16a7b66a8ac57f42239d61b7acde7bcfa67a1e2b7d7655187fb40e40d935cbb0,PROJECT_SUPPORTED,main_metric_source,Stage 5A artifact for gated_fusion_iq_stft/seed_3407; keep failed MCLDNN seeds
results/paper_stage2/rml2016a/gated_fusion_iq_stft/seed_3407/metrics_per_snr.csv,true,2724,21c597dc5de145607a5b562b05c27eca3cb0a754d7fb4dc7361991259412f63b,PROJECT_SUPPORTED,per_snr_curve_table_source,Stage 5A artifact for gated_fusion_iq_stft/seed_3407; keep failed MCLDNN seeds
results/paper_stage2/rml2016a/gated_fusion_iq_stft/seed_3407/metrics_per_class.csv,true,1047,4cd860205a5b1864864f95f045276e4662c0c2c45fd593d1900e195b7bb7a604,PROJECT_SUPPORTED,appendix_per_class_source,Stage 5A artifact for gated_fusion_iq_stft/seed_3407; keep failed MCLDNN seeds
results/paper_stage2/rml2016a/gated_fusion_iq_stft/seed_3407/predictions_test.csv,true,24002416,68de3b8f888c728d533a8679181ace0d05a3f5c736efd815432ca3d79c956318,PROJECT_SUPPORTED,paired_statistics_source_large_hash_or_archive,Stage 5A artifact for gated_fusion_iq_stft/seed_3407; large file; keep failed MCLDNN seeds
results/paper_stage2/rml2016a/gated_fusion_iq_stft/seed_3407/confusion_overall.csv,true,601,327746ae72e1ec41b31bf9ffdee5f1b0b61d2c37766a41e6f225d7f57e6ffc69,PROJECT_SUPPORTED,appendix_confusion_source,Stage 5A artifact for gated_fusion_iq_stft/seed_3407; keep failed MCLDNN seeds
results/paper_stage2/rml2016a/gated_fusion_iq_stft/seed_3407/confusion_low_snr.csv,true,576,a177f16b14a83c94bf12a78179938d47f06f4b76fbe0db0846758fc6f1bf5ae9,PROJECT_SUPPORTED,low_snr_confusion_source,Stage 5A artifact for gated_fusion_iq_stft/seed_3407; keep failed MCLDNN seeds
results/paper_stage2/rml2016a/gated_fusion_iq_stft/seed_3407/complexity.json,true,626,867c2d6ea71035c7da3f9dcf343c608ed33138f6887a97143bfa5951d4d4bb4c,PROJECT_SUPPORTED,complexity_source,Stage 5A artifact for gated_fusion_iq_stft/seed_3407; keep failed MCLDNN seeds
results/paper_stage2/rml2016a/gated_fusion_iq_stft/seed_3407/latency.json,true,1447,2149561b818f1784765681fe30ab078acc515f03a1f29b4b7b12dfe06fc57159,CONTROLLED_LATENCY,controlled_cuda_latency_source,Stage 5A artifact for gated_fusion_iq_stft/seed_3407; keep failed MCLDNN seeds
results/paper_stage2/rml2016a/gated_fusion_iq_stft/seed_3407/training_summary.json,true,361,a7ab64bf3d2468304c630aae6058436a426b898b6bf7385434af62077844e6c7,PROJECT_SUPPORTED,training_audit_source,Stage 5A artifact for gated_fusion_iq_stft/seed_3407; keep failed MCLDNN seeds
results/paper_stage6/diagnostic/stage6b/fusion_iq_amp_phase_static/20260508_093001_fusion_iq_amp_phase/complexity.json,true,629,3958810412fbec0df96a4836dbc0aadd6b21adebeb11b5aab77b6be8af1ad2b6,SMOKE TEST,diagnostic_only,Stage 6B mock smoke; excluded from Stage 5A/5B tables
results/paper_stage6/diagnostic/stage6b/fusion_iq_amp_phase_static/20260508_093001_fusion_iq_amp_phase/config.yaml,true,1673,b0ae725540e4b5f4afca93fb50eadb8cfc68ea615e7ba1de82df0bce83159fd2,SMOKE TEST,diagnostic_only,Stage 6B mock smoke; excluded from Stage 5A/5B tables
results/paper_stage6/diagnostic/stage6b/fusion_iq_amp_phase_static/20260508_093001_fusion_iq_amp_phase/config_resolved.yaml,true,1673,b0ae725540e4b5f4afca93fb50eadb8cfc68ea615e7ba1de82df0bce83159fd2,SMOKE TEST,diagnostic_only,Stage 6B mock smoke; excluded from Stage 5A/5B tables
results/paper_stage6/diagnostic/stage6b/fusion_iq_amp_phase_static/20260508_093001_fusion_iq_amp_phase/confusion_low_snr.csv,true,115,5bfa3f5cd0f435496ff97b1c79cdc7b57affbc402bf88172ffb2704a3a90cbd7,SMOKE TEST,diagnostic_only,Stage 6B mock smoke; excluded from Stage 5A/5B tables
results/paper_stage6/diagnostic/stage6b/fusion_iq_amp_phase_static/20260508_093001_fusion_iq_amp_phase/confusion_overall.csv,true,115,ec866ad80f288745a1a418a2a3e1c90c1d88fedcfdcc1b1274f0c01f337f7a01,SMOKE TEST,diagnostic_only,Stage 6B mock smoke; excluded from Stage 5A/5B tables
results/paper_stage6/diagnostic/stage6b/fusion_iq_amp_phase_static/20260508_093001_fusion_iq_amp_phase/data_summary.json,true,913,df5041a20ef03f0d6cbf6e1abe25e57be66e3684160ed548bb259c6a1412f852,SMOKE TEST,diagnostic_only,Stage 6B mock smoke; excluded from Stage 5A/5B tables
results/paper_stage6/diagnostic/stage6b/fusion_iq_amp_phase_static/20260508_093001_fusion_iq_amp_phase/dataset_summary.json,true,913,df5041a20ef03f0d6cbf6e1abe25e57be66e3684160ed548bb259c6a1412f852,SMOKE TEST,diagnostic_only,Stage 6B mock smoke; excluded from Stage 5A/5B tables
results/paper_stage6/diagnostic/stage6b/fusion_iq_amp_phase_static/20260508_093001_fusion_iq_amp_phase/label_mapping.json,true,567,660224d2e0ee166b767d6ec4375c55e29d4c0f41b270fbfc7aad3177941e4e1b,SMOKE TEST,diagnostic_only,Stage 6B mock smoke; excluded from Stage 5A/5B tables
results/paper_stage6/diagnostic/stage6b/fusion_iq_amp_phase_static/20260508_093001_fusion_iq_amp_phase/latency.json,true,1287,c1f86cab6c37e51269f5bb6230de1174fd3c0d99cb9db0c8e3ed2b4039d2880c,SMOKE TEST,diagnostic_only,Stage 6B mock smoke; excluded from Stage 5A/5B tables
results/paper_stage6/diagnostic/stage6b/fusion_iq_amp_phase_static/20260508_093001_fusion_iq_amp_phase/logs.txt,true,1144,1d4d55385b7d91b3f9dc122c915533eb8fdf5418bca793b9615b82b4a7632d02,SMOKE TEST,diagnostic_only,Stage 6B mock smoke; excluded from Stage 5A/5B tables
results/paper_stage6/diagnostic/stage6b/fusion_iq_amp_phase_static/20260508_093001_fusion_iq_amp_phase/metrics.csv,true,126,7f7bca4e248b5b7953ede1c99263e06c32b2522b3b66491f06fb21f178b00464,SMOKE TEST,diagnostic_only,Stage 6B mock smoke; excluded from Stage 5A/5B tables
results/paper_stage6/diagnostic/stage6b/fusion_iq_amp_phase_static/20260508_093001_fusion_iq_amp_phase/metrics.json,true,7964,3ccc73990362138da2b33df4279c052c8e9c300d10ba49cafc31f80c350f2bd7,SMOKE TEST,diagnostic_only,Stage 6B mock smoke; excluded from Stage 5A/5B tables
results/paper_stage6/diagnostic/stage6b/fusion_iq_amp_phase_static/20260508_093001_fusion_iq_amp_phase/metrics_per_class.csv,true,454,f6db668248888052a0090824900a3e8dddc9d0c6286b5ebbb6214565f004aef9,SMOKE TEST,diagnostic_only,Stage 6B mock smoke; excluded from Stage 5A/5B tables
results/paper_stage6/diagnostic/stage6b/fusion_iq_amp_phase_static/20260508_093001_fusion_iq_amp_phase/metrics_per_snr.csv,true,565,7115bf4678a2d4f3ba7887ade0689946a40cb2854a5b6a6ac0a6f30a22079663,SMOKE TEST,diagnostic_only,Stage 6B mock smoke; excluded from Stage 5A/5B tables
results/paper_stage6/diagnostic/stage6b/fusion_iq_amp_phase_static/20260508_093001_fusion_iq_amp_phase/metrics_test.json,true,503,4e6e4ab4da1585cbe8bc0c5a5bf361a51a924727c1eeacc41b348d6dcd6484f2,SMOKE TEST,diagnostic_only,Stage 6B mock smoke; excluded from Stage 5A/5B tables
results/paper_stage6/diagnostic/stage6b/fusion_iq_amp_phase_static/20260508_093001_fusion_iq_amp_phase/predictions_test.csv,true,6968,35d2012b66de9698d790f94f5335c50b0b5163a0a479cee2c306795456de6f2f,SMOKE TEST,diagnostic_only,Stage 6B mock smoke; excluded from Stage 5A/5B tables
results/paper_stage6/diagnostic/stage6b/fusion_iq_amp_phase_static/20260508_093001_fusion_iq_amp_phase/split_summary.json,true,2087,1cf1ecaa2397fa578fb22e18d9111f7f31f104622c5362d02873df511925ea44,SMOKE TEST,diagnostic_only,Stage 6B mock smoke; excluded from Stage 5A/5B tables
results/paper_stage6/diagnostic/stage6b/fusion_iq_amp_phase_static/20260508_093001_fusion_iq_amp_phase/training_summary.json,true,362,07b571b370ce33af9c93e2a0e1b3f229ad7827dda3e0325dbd5bb9c0c9987821,SMOKE TEST,diagnostic_only,Stage 6B mock smoke; excluded from Stage 5A/5B tables
